resonance_radical_smiles,closed_shell_smiles
[O]C(=O)OC(O)(O)O,O=C(O)OC(O)(O)O
[O]C(O)(O)OC(=O)O,O=C(O)OC(O)(O)O
O=C(O)O[C](O)O,O=C(O)OC(O)O
CC(=O)OC(OO)C(=O)C(O)O[O],CC(=O)OC(OO)C(=O)C(O)OO
O=[C]OC(O)(O)O,O=COC(O)(O)O
CC(=O)OC(=O)[C](O)C=O,CC(=O)OC(=O)C(O)C=O
CC(=O)OC([O])=C(O)C=O,CC(=O)OC(O)=C(O)C=O
CC(=O)OC(=O)C(O)=C[O],CC(=O)OC(=O)C(O)=CO
CC(=O)OC(OO)C(=O)[CH]O,CC(=O)OC(OO)C(=O)CO
CC(=O)OC(OO)C([O])=CO,CC(=O)OC(OO)C(O)=CO
CC(=O)OC(OO)[C](O)C=O,CC(=O)OC(OO)C(O)C=O
CC(=O)OC(OO)C(O)=C[O],CC(=O)OC(OO)C(O)=CO
C[C](O)C1OOC(OC(C)=O)O1,CC(=O)OC1OOC(C(C)O)O1
CC(=O)OC1O[CH]C(C)(O)OO1,CC(=O)OC1OCC(C)(O)OO1
[O]C(=O)OC(=O)O,O=C(O)OC(=O)O
CC(=O)COC(O[O])OC(C)=O,CC(=O)COC(OO)OC(C)=O
CC(=O)OC1OOC(O)[C]1O,CC(=O)OC1OOC(O)C1O
CC(=O)C(CC(=O)OC=O)O[O],CC(=O)C(CC(=O)OC=O)OO
[O]OC(=O)OC(=O)O,O=C(O)OC(=O)OO
C[C](O)C(=O)OC(C)=O,CC(=O)OC(=O)C(C)O
CC(=O)OC([O])=C(C)O,CC(=O)OC(O)=C(C)O
O=C[C](O)C(=O)C(O)OO,O=CC(O)C(=O)C(O)OO
[O]C=C(O)C(=O)C(O)OO,O=C(C(O)=CO)C(O)OO
[O]C(=C(O)C=O)C(O)OO,O=CC(O)=C(O)C(O)OO
CC(=O)OC(O[O])C(O)=CO,CC(=O)OC(OO)C(O)=CO
C[C]1OC(=O)C(O)(C=O)O1,CC1OC(=O)C(O)(C=O)O1
[O]C1(O)OC(=O)O1,O=C1OC(O)(O)O1
[O]OCC(=O)CC(=O)OC=O,O=COC(=O)CC(=O)COO
O=C[C](O)C(=O)O,O=CC(O)C(=O)O
[O]C=C(O)C(=O)O,O=C(O)C(O)=CO
[O]C(O)=C(O)C=O,O=CC(O)=C(O)O
[O]OC(O)(O)O,OOC(O)(O)O
O=C(O)O[CH]O,O=C(O)OCO
[O]OC(O)C(O)=C(O)C=O,O=CC(O)=C(O)C(O)OO
CC(=O)OC(=O)C(C)(C)O[O],CC(=O)OC(=O)C(C)(C)OO
CC(=O)OC(OO)C(=O)CO[O],CC(=O)OC(OO)C(=O)COO
CC1(OO)COC(O[O])C(=O)O1,CC1(OO)COC(OO)C(=O)O1
CC(=O)OC([O])C(=O)C=O,CC(=O)OC(O)C(=O)C=O
[O]OC(O)C(=O)C(O)=CO,O=C(C(O)=CO)C(O)OO
O=C1C(O)OOC1(O)[CH]O,O=C1C(O)OOC1(O)CO
O=C1[CH]OCC(COO)(OO)O1,O=C1COCC(COO)(OO)O1
[O]C1=COCC(COO)(OO)O1,OOCC1(OO)COC=C(O)O1
CC(=O)OC(CC(C)O[O])OO,CC(=O)OC(CC(C)OO)OO
[O]CC1(COO)COCC(=O)O1,O=C1COCC(CO)(COO)O1
[O]C1(O)OOC(=O)O1,O=C1OOC(O)(O)O1
[O]OCC1(OO)COCC(=O)O1,O=C1COCC(COO)(OO)O1
CC(=O)OC(OO)C(C)CO[O],CC(=O)OC(OO)C(C)COO
CC(=O)OC(CC(C)OO)O[O],CC(=O)OC(CC(C)OO)OO
CC(=O)CC([O])OC(C)=O,CC(=O)CC(O)OC(C)=O
[O]OC1(COO)COCC(=O)O1,O=C1COCC(COO)(OO)O1
CC(=O)OC(=O)C(C)C[O],CC(=O)OC(=O)C(C)CO
O=CO[C](O)O,O=COC(O)O
CC(=O)OC(CO[O])C(C)OO,CC(=O)OC(COO)C(C)OO
[O]C1CC(=O)C(OO)CC(=O)O1,O=C1CC(OO)C(=O)CC(O)O1
CC(=O)OC(CCCO[O])OO,CC(=O)OC(CCCOO)OO
CC(=O)OCC(CCO[O])OO,CC(=O)OCC(CCOO)OO
CC(=O)OC(OO)C(C)C[O],CC(=O)OC(OO)C(C)CO
CC(=O)O[CH]C(O)=CO,CC(=O)OCC(O)=CO
CC(=O)OC=C(O)[CH]O,CC(=O)OC=C(O)CO
[O]COC(=O)O,O=C(O)OCO
CC(=O)OC([O])C(C)COO,CC(=O)OC(O)C(C)COO
O=[C]OC(O)O,O=COC(O)O
CC(C)(COOCC(=O)O)O[O],CC(C)(COOCC(=O)O)OO
CC(=O)OC(CCO[O])COO,CC(=O)OC(CCOO)COO
CC(=O)OC(O[O])C(C)COO,CC(=O)OC(OO)C(C)COO
CC(=O)OC(CCCOO)O[O],CC(=O)OC(CCCOO)OO
CC(=O)OC([O])C(C)C=O,CC(=O)OC(O)C(C)C=O
CC(=O)OC(=O)C(C)O[O],CC(=O)OC(=O)C(C)OO
CC(C)(COC(=O)CO[O])OO,CC(C)(COC(=O)COO)OO
CC(=O)OC([O])C(C)=O,CC(=O)OC(O)C(C)=O
CC(=O)OC(OO)C(C)O[O],CC(=O)OC(OO)C(C)OO
CC(O[O])C(C)OC(=O)COO,CC(OO)C(C)OC(=O)COO
CC(=O)OC(COO)C(C)O[O],CC(=O)OC(COO)C(C)OO
CC(=O)OC(C[O])C(C)=O,CC(=O)OC(CO)C(C)=O
O=C[C](O)C(O)=CO,O=CC(O)C(O)=CO
[O]C=C(O)C(O)=CO,OC=C(O)C(O)=CO
O=CC(O)=C(O)[CH]O,O=CC(O)=C(O)CO
CC(C)C(OO)OC(=O)CO[O],CC(C)C(OO)OC(=O)COO
O=C1CO[CH]C(COO)(OO)O1,O=C1COCC(COO)(OO)O1
CC(=O)OC([O])C=C(C)O,CC(=O)OC(O)C=C(C)O
O=C([CH]O)C(O)=CO,O=C(CO)C(O)=CO
[O]C(=CO)C(O)=CO,OC=C(O)C(O)=CO
[O]C(=O)OCO,O=C(O)OCO
O=CC(O)C(=O)[CH]O,O=CC(O)C(=O)CO
[O]C(=CO)C(O)C=O,O=CC(O)C(O)=CO
CC(=O)OCC(CO[O])COO,CC(=O)OCC(COO)COO
CC(=O)OC(C)(CO[O])COO,CC(=O)OC(C)(COO)COO
O=[C]OC(=O)O,O=COC(=O)O
CC(=O)OCC(=O)CC[O],CC(=O)OCC(=O)CCO
[CH2]C1(C)OOC(OC(C)=O)O1,CC(=O)OC1OOC(C)(C)O1
CCC(COC(=O)CO[O])OO,CCC(COC(=O)COO)OO
O=C[C](O)C(O)C=O,O=CC(O)C(O)C=O
[O]C=C(O)C(O)C=O,O=CC(O)C(O)=CO
CC(=O)OC([CH]CCOO)OO,CC(=O)OC(CCCOO)OO
CC(=O)OCC(C[O])COO,CC(=O)OCC(CO)COO
CC(=O)OC(C=O)C(C)[O],CC(=O)OC(C=O)C(C)O
C[C](COO)C(OO)OC(C)=O,CC(=O)OC(OO)C(C)COO
CC(=O)OCC(COO)O[O],CC(=O)OCC(COO)OO
CC(=O)OC(=O)[CH]COO,CC(=O)OC(=O)CCOO
CC(=O)OC([O])=CCOO,CC(=O)OC(O)=CCOO
CC(=O)OC(C[CH]COO)OO,CC(=O)OC(CCCOO)OO
CC(=O)OCC([O])CC=O,CC(=O)OCC(O)CC=O
CC(=O)O[CH]OC=C(C)O,CC(=O)OCOC=C(C)O
CC1(OO)CO[CH]C(=O)O1,CC1(OO)COCC(=O)O1
CC1(OO)COC=C([O])O1,CC1(OO)COC=C(O)O1
C[C]1OCOOC1OC(C)=O,CC(=O)OC1OOCOC1C
C[C]1COOC(OC(C)=O)O1,CC(=O)OC1OOCC(C)O1
[CH2]C(=O)OC(=O)C(C)OO,CC(=O)OC(=O)C(C)OO
C=C([O])OC(=O)C(C)OO,C=C(O)OC(=O)C(C)OO
CC(=O)O[C](COO)C(C)OO,CC(=O)OC(COO)C(C)OO
CC(=O)C1CC(=O)OC1[O],CC(=O)C1CC(=O)OC1O
CC(=O)O[C](CCOO)COO,CC(=O)OC(CCOO)COO
[CH2]C(=O)C(OO)OC(C)=O,CC(=O)OC(OO)C(C)=O
C=C([O])C(OO)OC(C)=O,C=C(O)C(OO)OC(C)=O
CC(OO)C1CC(=O)OC1O[O],CC(OO)C1CC(=O)OC1OO
CC(=O)OCC(=O)CO[O],CC(=O)OCC(=O)COO
CC(=O)O[CH]C(=O)COO,CC(=O)OCC(=O)COO
CC(=O)OC=C([O])COO,CC(=O)OC=C(O)COO
CC1(C[O])COCC(=O)O1,CC1(CO)COCC(=O)O1
[CH2]C(COO)C(OO)OC(C)=O,CC(=O)OC(OO)C(C)COO
CC(=O)O[CH]C1(C)OCOO1,CC(=O)OCC1(C)OCOO1
C=C(C)OC(O[O])OC(C)=O,C=C(C)OC(OO)OC(C)=O
CC(=O)OC([CH]C=O)OO,CC(=O)OC(CC=O)OO
CC(=O)OC(C=C[O])OO,CC(=O)OC(C=CO)OO
CC1(O[O])COCC(=O)O1,CC1(OO)COCC(=O)O1
CC(=O)O[CH]C(CCOO)OO,CC(=O)OCC(CCOO)OO
CC(=O)OCC(C=O)O[O],CC(=O)OCC(C=O)OO
CC(=O)OC[C]1COOCO1,CC(=O)OCC1COOCO1
CC(=O)C1CC(=O)O[CH]O1,CC(=O)C1CC(=O)OCO1
[O]C(=O)COC=O,O=COCC(=O)O
[CH2]C(=O)OC(C)(COO)COO,CC(=O)OC(C)(COO)COO
C=C([O])OC(C)(COO)COO,C=C(O)OC(C)(COO)COO
O[C]1OC(O)O1,OC1OC(O)O1
CC(C)(O[O])C1OOCC(=O)O1,CC(C)(OO)C1OOCC(=O)O1
[CH2]C1(COC(C)=O)OCOO1,CC(=O)OCC1(C)OCOO1
CC(=O)OC([CH]COO)OO,CC(=O)OC(CCOO)OO
CC(=O)OCC(C)(C)O[O],CC(=O)OCC(C)(C)OO
CCC(C)(O[O])OC(C)=O,CCC(C)(OO)OC(C)=O
O=C1OOC(O)[C]1O,O=C1OOC(O)C1O
[O]C1=C(O)C(O)OO1,OC1=C(O)C(O)OO1
CC(=O)OC([O])C(C)C,CC(=O)OC(O)C(C)C
[CH2]OC(O)C(CC)CO,CCC(CO)C(O)OC
CC(=O)OC(O[O])C(C)C,CC(=O)OC(OO)C(C)C
CC(OO)C(O)C(=O)O[O],CC(OO)C(O)C(=O)OO
CC(=O)OC([O])C1(C)CO1,CC(=O)OC(O)C1(C)CO1
CC(=O)OC(C)C(C)O[O],CC(=O)OC(C)C(C)OO
[O]OC(O)C(O)=CO,OC=C(O)C(O)OO
CC(C)(O[O])C(O)O,CC(C)(OO)C(O)O
CCCC([O])OC(C)=O,CCCC(O)OC(C)=O
[O]OCC1(COO)COC(=O)C1,O=C1CC(COO)(COO)CO1
CC(=O)OC(C)(C)CO[O],CC(=O)OC(C)(C)COO
[O]C(=O)OC=O,O=COC(=O)O
[O]C1CC(=O)CC(=O)O1,O=C1CC(=O)OC(O)C1
CC(=O)OCC1(O[O])COOC1,CC(=O)OCC1(OO)COOC1
CCCC(O[O])OC(C)=O,CCCC(OO)OC(C)=O
C[CH]C(=O)OCO,CCC(=O)OCO
CC=C([O])OCO,CC=C(O)OCO
CC1OOC(C)([O])OC1=O,CC1OOC(C)(O)OC1=O
CC(=O)OCCC(C)O[O],CC(=O)OCCC(C)OO
C=C(COC(C)=O)OCO[O],C=C(COC(C)=O)OCOO
CC(=O)OC(C)CCO[O],CC(=O)OC(C)CCOO
CC(=O)OC(C=O)O[O],CC(=O)OC(C=O)OO
CC(=O)OC=C(C)OCO[O],CC(=O)OC=C(C)OCOO
CC(=O)OCC(C)(C)[O],CC(=O)OCC(C)(C)O
[O]OC1CC(OO)CC(=O)O1,O=C1CC(OO)CC(OO)O1
CC(=O)OC1OC1(C)C[O],CC(=O)OC1OC1(C)CO
O=[C]CC(=O)COC=O,O=CCC(=O)COC=O
[O]OC(=O)C(CCO)OO,O=C(OO)C(CCO)OO
[O]OCC(=O)C(=O)O,O=C(O)C(=O)COO
CCC(COC(C)=O)O[O],CCC(COC(C)=O)OO
CCC(CO)C(O)O[O],CCC(CO)C(O)OO
CCC(CO[O])OC(C)=O,CCC(COO)OC(C)=O
[O]OCC(=O)OC=O,O=COC(=O)COO
CC(=O)OC([O])CC1CO1,CC(=O)OC(O)CC1CO1
[O]C12OC1(O)O2,OC12OC1(O)O2
O=C1C(O)[CH]OC1O,O=C1C(O)COC1O
C[C]1OC(=O)C(C)(C)O1,CC1OC(=O)C(C)(C)O1
C=COC(O[O])OC(C)=O,C=COC(OO)OC(C)=O
CC(=O)OCC(C)CO[O],CC(=O)OCC(C)COO
CCC(CO)(CO)O[O],CCC(CO)(CO)OO
[CH2]C(=O)OC(=O)C(C)C,CC(=O)OC(=O)C(C)C
C=C([O])OC(=O)C(C)C,C=C(O)OC(=O)C(C)C
CC(=O)OC1OOCC1O[O],CC(=O)OC1OOCC1OO
O=C([CH]O)CCO,O=C(CO)CCO
[O]C(=CO)CCO,OC=C(O)CCO
CC(=O)OC(C)(C)[C]=O,CC(=O)OC(C)(C)C=O
CC(C)(C)OC(=O)CO[O],CC(C)(C)OC(=O)COO
C[CH]C(=O)OC(C)=O,CCC(=O)OC(C)=O
CC=C([O])OC(C)=O,CC=C(O)OC(C)=O
[O]OCC(=O)COC=O,O=COCC(=O)COO
CC(=O)C(O)(C=O)O[O],CC(=O)C(O)(C=O)OO
CC(=O)OC1OC1(C)O[O],CC(=O)OC1OC1(C)OO
CC(=O)OCCCCO[O],CC(=O)OCCCCOO
CC(=O)OC1(O[O])COOC1,CC(=O)OC1(OO)COOC1
CC(=O)OCC(C)C[O],CC(=O)OCC(C)CO
CC(=O)OC1OC1CC[O],CC(=O)OC1OC1CCO
CC(C)(O[O])C(=O)O,CC(C)(OO)C(=O)O
CCC([O])COC(C)=O,CCC(O)COC(C)=O
[CH2]C(=O)OCC(C)(C)OO,CC(=O)OCC(C)(C)OO
C=C([O])OCC(C)(C)OO,C=C(O)OCC(C)(C)OO
[O]C1OC(O)O1,OC1OC(O)O1
CO[CH]CCOC(C)=O,COCCCOC(C)=O
[O]OC(=O)OC=O,O=COC(=O)OO
C[C](C)C(OO)OC(C)=O,CC(=O)OC(OO)C(C)C
[O]OCC(=O)OCOO,O=C(COO)OCOO
[CH2]C(=O)OC(C)C(C)OO,CC(=O)OC(C)C(C)OO
C=C([O])OC(C)C(C)OO,C=C(O)OC(C)C(C)OO
CCC(C)OC(=O)CO[O],CCC(C)OC(=O)COO
[CH2]C(C)(OO)OC(=O)C=O,CC(C)(OO)OC(=O)C=O
[O]OC1OCOC1=O,O=C1OCOC1OO
[O]OC(=O)C(O)COO,O=C(OO)C(O)COO
CC(=O)OCC(C)O[O],CC(=O)OCC(C)OO
[CH2]C(=O)OC(OO)C(C)C,CC(=O)OC(OO)C(C)C
C=C([O])OC(OO)C(C)C,C=C(O)OC(OO)C(C)C
C[C](OC(C)=O)C(C)OO,CC(=O)OC(C)C(C)OO
CC([C]=O)C(CO)CO,CC(C=O)C(CO)CO
[CH2]CC(C)(OO)OC(C)=O,CCC(C)(OO)OC(C)=O
O=C1CO[CH]OC(=O)C1,O=C1COCOC(=O)C1
CC(O[O])C(CO)CO,CC(OO)C(CO)CO
CC(=O)OC(C)CO[O],CC(=O)OC(C)COO
CC(=O)OCCCC[O],CC(=O)OCCCCO
CC([O])C(C)(C)C(=O)CO,CC(O)C(C)(C)C(=O)CO
O[C](O)O,OC(O)O
[O]CC(OO)OC=O,O=COC(CO)OO
CC(O[O])C(C)(C)C(CO)OO,CC(OO)C(C)(C)C(CO)OO
CC(=O)[CH]OC(C)=O,CC(=O)COC(C)=O
CC(=O)OC=C(C)[O],CC(=O)OC=C(C)O
C[CH]CC(OO)OC(C)=O,CCCC(OO)OC(C)=O
CC(C)COC(=O)CO[O],CC(C)COC(=O)COO
CC([O])(CO)C(=O)C=O,CC(O)(CO)C(=O)C=O
[CH2]C(=O)OC(C=O)OO,CC(=O)OC(C=O)OO
C=C([O])OC(C=O)OO,C=C(O)OC(C=O)OO
CC(C)(OO)C(=O)[CH]O,CC(C)(OO)C(=O)CO
CC(C)(OO)C([O])=CO,CC(C)(OO)C(O)=CO
[O]OC(=O)C(O)=CO,O=C(OO)C(O)=CO
[CH2]C(OC(C)=O)C(C)OO,CC(=O)OC(C)C(C)OO
[CH2]C(=O)C(O)(C=O)OO,CC(=O)C(O)(C=O)OO
C=C([O])C(O)(C=O)OO,C=C(O)C(O)(C=O)OO
[O]OCCC(CO)CO,OCC(CO)CCOO
O=C1COC[C](COO)O1,O=C1COCC(COO)O1
[CH2]C(C)C(OO)OC(C)=O,CC(=O)OC(OO)C(C)C
CC(=O)OC([O])C1CO1,CC(=O)OC(O)C1CO1
CC(=O)OCCCO[O],CC(=O)OCCCOO
[CH2]C(=O)OCC(CC)OO,CCC(COC(C)=O)OO
C=C([O])OCC(CC)OO,C=C(O)OCC(CC)OO
C[C](CCOO)OC(C)=O,CC(=O)OC(C)CCOO
C[CH]C(COO)OC(C)=O,CCC(COO)OC(C)=O
OC[C](O)CO,OCC(O)CO
CC(C)(OO)[C](O)C=O,CC(C)(OO)C(O)C=O
CC(C)(OO)C(O)=C[O],CC(C)(OO)C(O)=CO
CCCCOC(=O)CO[O],CCCCOC(=O)COO
O[CH]C(O)CO,OCC(O)CO
C[C](COO)COC(C)=O,CC(=O)OCC(C)COO
[CH2]CCC(OO)OC(C)=O,CCCC(OO)OC(C)=O
[CH2]C(O)C(=O)O,CC(O)C(=O)O
[O]C1OC(=O)O1,O=C1OC(O)O1
CC(C)OC(=O)CO[O],CC(C)OC(=O)COO
CC(=O)O[CH]CC(C)OO,CC(=O)OCCC(C)OO
[CH2]C(=O)OC(C)(C)COO,CC(=O)OC(C)(C)COO
C=C([O])OC(C)(C)COO,C=C(O)OC(C)(C)COO
[O]OC(O)(C=O)C=CO,O=CC(O)(C=CO)OO
CC(C)[C]1OCC(=O)O1,CC(C)C1OCC(=O)O1
CC(C=O)(O[O])C1(C)OCOO1,CC(C=O)(OO)C1(C)OCOO1
CC1=CCC(=O)OC([O])O1,CC1=CCC(=O)OC(O)O1
CC(=O)OC1OC1C[O],CC(=O)OC1OC1CO
CC(=O)O[CH]C1OOCC1=O,CC(=O)OCC1OOCC1=O
[O]OC(O)C(=O)COO,O=C(COO)C(O)OO
[CH2]CC(COO)OC(C)=O,CCC(COO)OC(C)=O
[CH2]CC(COC(C)=O)OO,CCC(COC(C)=O)OO
[O]C(=O)OOC=O,O=COOC(=O)O
C[C](C)COOCC(=O)O,CC(C)COOCC(=O)O
CC(=O)OC=CC(=O)CO[O],CC(=O)OC=CC(=O)COO
O=C1O[CH]OC1OO,O=C1OCOC1OO
CC(=O)[C](O)C=O,CC(=O)C(O)C=O
CC([O])=C(O)C=O,CC(O)=C(O)C=O
CC(=O)C(O)=C[O],CC(=O)C(O)=CO
CC[C](COO)OC(C)=O,CCC(COO)OC(C)=O
CCC([CH]OC(C)=O)OO,CCC(COC(C)=O)OO
CC(=O)OC=C(CO[O])COO,CC(=O)OC=C(COO)COO
CC(=O)OCC[C]=O,CC(=O)OCCC=O
C[C](C)COC(=O)COO,CC(C)COC(=O)COO
C[CH]C(OO)OC(C)=O,CCC(OO)OC(C)=O
CC(=O)C(C)(O)O[O],CC(=O)C(C)(O)OO
C[CH]C(C)OC(=O)COO,CCC(C)OC(=O)COO
CC(O[O])C(=O)O,CC(OO)C(=O)O
CCCOC(=O)CO[O],CCCOC(=O)COO
CC(=O)O[CH]C(C)COO,CC(=O)OCC(C)COO
[CH2]C(C)(C)OC(=O)COO,CC(C)(C)OC(=O)COO
[CH2]C1(CO)CC(C)(O)OO1,CC1(O)CC(C)(CO)OO1
C[C](COO)OC(C)=O,CC(=O)OC(C)COO
O=[C]C(OO)OC=O,O=COC(C=O)OO
[CH2]C(COO)COC(C)=O,CC(=O)OCC(C)COO
CC1(O)C[C](CO)COO1,CC1(O)CC(CO)COO1
C=C(CO)CC(C)(O)O[O],C=C(CO)CC(C)(O)OO
[CH2]C(=O)COC(C)=O,CC(=O)COC(C)=O
C=C([O])COC(C)=O,C=C(O)COC(C)=O
CC1(O[O])CCC(=O)OC1,CC1(OO)CCC(=O)OC1
[CH2]C(C)(COO)OC(C)=O,CC(=O)OC(C)(C)COO
CC(=O)OCCO[O],CC(=O)OCCOO
CC(O[O])C1COC(=O)C1,CC(OO)C1COC(=O)C1
CC(=O)C1(O[O])COOCO1,CC(=O)C1(OO)COOCO1
O=C=C(O)[C](O)C=O,O=C=C(O)C(O)C=O
O=[C]C(O)=C(O)C=O,O=CC(O)=C(O)C=O
[O]C=C(O)C(O)=C=O,O=C=C(O)C(O)=CO
CC(=O)OC[CH]C=O,CC(=O)OCCC=O
CC(=O)OCC=C[O],CC(=O)OCC=CO
CC1(CO[O])COC(=O)C1,CC1(COO)COC(=O)C1
O=C[C](O)C=CO,O=CC(O)C=CO
[O]C=C(O)C=CO,OC=CC(O)=CO
O=CC(O)=C[CH]O,O=CC(O)=CCO
CC([O])C(=O)O,CC(O)C(=O)O
C=C(C(O)O[O])C(C)(C)O,C=C(C(O)OO)C(C)(C)O
CC(=O)[C](O)COO,CC(=O)C(O)COO
CC([O])=C(O)COO,CC(O)=C(O)COO
[CH2]C(=O)OCC(C)=O,CC(=O)COC(C)=O
C=C([O])OCC(C)=O,C=C(O)OCC(C)=O
[O]C(=O)O,O=C(O)O
CC(=O)OCC[O],CC(=O)OCCO
[CH2]C(COO)OC(C)=O,CC(=O)OC(C)COO
CC(OO)C(=O)[CH]O,CC(OO)C(=O)CO
CC(OO)C([O])=CO,CC(OO)C(O)=CO
[O]OC(O)(C=O)C=O,O=CC(O)(C=O)OO
[CH2]C(COC(C)=O)OO,CC(=O)OCC(C)OO
CC(=O)OC[O],CC(=O)OCO
[O]OC1(CO)COOCC1=O,O=C1COOCC1(CO)OO
CC(OO)[C](O)C=O,CC(OO)C(O)C=O
CC(OO)C(O)=C[O],CC(OO)C(O)=CO
[O]C1OOC(=O)O1,O=C1OOC(O)O1
[O]CC(O)CO,OCC(O)CO
CC(=O)O[CH]C=O,CC(=O)OCC=O
CC(=O)OC=C[O],CC(=O)OC=CO
CC(=O)OC[CH]COO,CC(=O)OCCCOO
CCOC(=O)CO[O],CCOC(=O)COO
CC(=O)O[CH]CCOO,CC(=O)OCCCOO
[O]OC(=O)CCCO,O=C(CCCO)OO
[CH2]C(=O)OCCC=O,CC(=O)OCCC=O
C=C([O])OCCC=O,C=C(O)OCCC=O
O=[C]CC(=O)O,O=CCC(=O)O
CC(C)C1([O])CC(=O)O1,CC(C)C1(O)CC(=O)O1
CC(=O)OCO[O],CC(=O)OCOO
[CH2]C(=O)C(=O)O,CC(=O)C(=O)O
C=C([O])C(=O)O,C=C(O)C(=O)O
CCC(=O)C(O)O[O],CCC(=O)C(O)OO
O[CH]C(O)=CO,OC=C(O)CO
O=C([CH]O)OO,O=C(CO)OO
[O]C(=CO)OO,OC=C(O)OO
[O]C(O)O,OC(O)O
CC(=O)O[CH]CC=O,CC(=O)OCCC=O
CC(C)(O)C(=CO)CO[O],CC(C)(O)C(=CO)COO
O=CO[CH]O,O=COCO
O=C(C[CH]CO)OO,O=C(CCCO)OO
CCC(O)(C=O)O[O],CCC(O)(C=O)OO
C[C](C)C(C)(C)OOC(C)(C)C(C)=O,CC(=O)C(C)(C)OOC(C)(C)C(C)C
C[C](C)OC(C)(C)O,CC(C)OC(C)(C)O
[CH2]C(=O)OCCOO,CC(=O)OCCOO
C=C([O])OCCOO,C=C(O)OCCOO
CC1(O)COOC[C]1CO,CC1(O)COOCC1CO
[O]OCC(=O)O,O=C(O)COO
O=CO[CH]CO,O=COCCO
O=[C]OCO,O=COCO
[O]OC1CCOC(=O)C1,O=C1CC(OO)CCO1
[O]OCC1COC(=O)C1,O=C1CC(COO)CO1
[CH2]C1(CO)OOCC1(C)O,CC1(O)COOC1(C)CO
[O]CC(=O)O,O=C(O)CO
CC(=O)CC(O[O])C(C)=O,CC(=O)CC(OO)C(C)=O
[CH2]C(=O)OC(=CC)CO,CC=C(CO)OC(C)=O
C=C([O])OC(=CC)CO,C=C(O)OC(=CC)CO
CC([O])COC=O,CC(O)COC=O
C[C]1COC(=O)CO1,CC1COC(=O)CO1
C=C(CO)C(C)(O)CO[O],C=C(CO)C(C)(O)COO
OC1O[CH]CO1,OC1OCCO1
CC(O[O])C(=O)CO,CC(OO)C(=O)CO
C=C(O)C(C)(O)O[O],C=C(O)C(C)(O)OO
C[C]1COCC(=O)O1,CC1COCC(=O)O1
O=C[C](O)C=O,O=CC(O)C=O
[O]C=C(O)C=O,O=CC(O)=CO
CC(OO)C1[CH]OC(=O)C1,CC(OO)C1COC(=O)C1
C=C(C)O[CH]OC(C)=O,C=C(C)OCOC(C)=O
CC(=O)C(O)O[O],CC(=O)C(O)OO
[CH2]C(=O)OC=O,CC(=O)OC=O
C=C([O])OC=O,C=C(O)OC=O
CC1COC(=O)C1O[O],CC1COC(=O)C1OO
C=C(C)C([O])OC(C)=O,C=C(C)C(O)OC(C)=O
CC(=O)O[CH]COO,CC(=O)OCCOO
CCC(O[O])OCOO,CCC(OO)OCOO
O=C(OO)C(O)=[C]O,O=C(OO)C(O)=CO
CC(O[O])C(O)C=O,CC(OO)C(O)C=O
CC(OO)C(O)CO[O],CC(OO)C(O)COO
[CH2]C(=C)C(OO)OC(C)=O,C=C(C)C(OO)OC(C)=O
[O]OC(=O)O,O=C(O)OO
CC(=O)CCC(=O)CO[O],CC(=O)CCC(=O)COO
[O]OC1CCC(=O)OC1,O=C1CCC(OO)CO1
CCC(C)O[C](C)O,CCC(C)OC(C)O
CC(=O)OC(O[O])=C(C)C,CC(=O)OC(OO)=C(C)C
O[C]1OCCO1,OC1OCCO1
[O]OC(O)CCOO,OOCCC(O)OO
COC(=O)CO[O],COC(=O)COO
[CH2]C(=O)COC=O,CC(=O)COC=O
C=C([O])COC=O,C=C(O)COC=O
O=C1[CH]OCO1,O=C1COCO1
[O]C1=COCO1,OC1=COCO1
O=C([CH]O)COO,O=C(CO)COO
[O]C(=CO)COO,OC=C(O)COO
CC(C)(O[O])C(O)=CO,CC(C)(OO)C(O)=CO
CC=CC(O[O])OC(C)=O,CC=CC(OO)OC(C)=O
C[C](C)C1OOCC(=O)O1,CC(C)C1OOCC(=O)O1
C[C](C)C(=O)O,CC(C)C(=O)O
CC(C)=C([O])O,CC(C)=C(O)O
[CH2]C1(C)OC1OC(C)=O,CC(=O)OC1OC1(C)C
CC(C)([O])C(C)(C)O,CC(C)(O)C(C)(C)O
OC1CO[CH]O1,OC1COCO1
[CH2]C(=O)OC(C)(C)C,CC(=O)OC(C)(C)C
C=C([O])OC(C)(C)C,C=C(O)OC(C)(C)C
CC(=O)OC=CC(C)O[O],CC(=O)OC=CC(C)OO
O=C[C](O)COO,O=CC(O)COO
[O]C=C(O)COO,OC=C(O)COO
[CH2]C(=O)OCOO,CC(=O)OCOO
C=C([O])OCOO,C=C(O)OCOO
CCC(=O)OC[O],CCC(=O)OCO
C[C](O)OCC(C)C,CC(C)COC(C)O
[O]OCCC(CO)OO,OCC(CCOO)OO
OC1[CH]OCO1,OC1COCO1
[CH2]C1(OC(C)=O)OC1C,CC(=O)OC1(C)OC1C
CC1(O[O])CCC(=O)OOC1,CC1(OO)CCC(=O)OOC1
CC(=O)OC=C(C)CO[O],CC(=O)OC=C(C)COO
[CH2]C(OOC(C)=O)C(C)=O,CC(=O)OOC(C)C(C)=O
CCC(C)(C)C(CO)O[O],CCC(C)(C)C(CO)OO
[O]C1CCOCO1,OC1CCOCO1
CC(C)C(C)C(CO)O[O],CC(C)C(C)C(CO)OO
[O]CCC(=O)CO,O=C(CO)CCO
C[CH]C1(OC(C)=O)CO1,CCC1(OC(C)=O)CO1
[CH2]C(=O)OC(C)CC,CCC(C)OC(C)=O
C=C([O])OC(C)CC,C=C(O)OC(C)CC
[CH2]C(=COC(C)=O)COO,CC(=O)OC=C(C)COO
C=C([CH]OC(C)=O)COO,C=C(COO)COC(C)=O
O[C]1COCO1,OC1COCO1
CC(=O)O[CH]C1(C)CO1,CC(=O)OCC1(C)CO1
O=CC(=O)[CH]O,O=CC(=O)CO
[O]C(C=O)=CO,O=CC(O)=CO
C=C(C(=O)O[O])C(=O)OO,C=C(C(=O)OO)C(=O)OO
C[C](C)COC(C)=O,CC(=O)OCC(C)C
CC(O[O])C(O)=CO,CC(OO)C(O)=CO
[O]COC=O,O=COCO
CC1(CO[O])CCC(=O)OO1,CC1(COO)CCC(=O)OO1
[CH2]C1(COO)COC(=O)C1,CC1(COO)COC(=O)C1
CCCCO[C](C)O,CCCCOC(C)O
C[CH]C(C)OC(C)=O,CCC(C)OC(C)=O
[O]C(O)CC=O,O=CCC(O)O
CC1(CO)OO[CH]C1=O,CC1(CO)OOCC1=O
CC1(CO)OOC=C1[O],CC1(CO)OOC=C1O
CC(=O)OC=C(C)C[O],CC(=O)OC=C(C)CO
CC[C](C)OC(C)=O,CCC(C)OC(C)=O
CC1(C)CC(O[O])C(=O)OO1,CC1(C)CC(OO)C(=O)OO1
C=CC(COC(C)=O)O[O],C=CC(COC(C)=O)OO
[CH2]C(C)(C)OC(C)=O,CC(=O)OC(C)(C)C
[CH2]OC(C)=COC(C)=O,COC(C)=COC(C)=O
C[C](C)C(C)(C)OOC(C)=O,CC(=O)OOC(C)(C)C(C)C
[CH2]OC(=C)COC(C)=O,C=C(COC(C)=O)OC
C=C(OC(C)=O)C(C)[O],C=C(OC(C)=O)C(C)O
O=[C]C(=O)O,O=CC(=O)O
[O]C(O)=C=O,O=C=C(O)O
CC(=O)O[CH]C(C)C,CC(=O)OCC(C)C
C[C](O)C(C)=O,CC(=O)C(C)O
CC([O])=C(C)O,CC(O)=C(C)O
C=C(CO[O])COC(C)=O,C=C(COO)COC(C)=O
CC(COCOO)O[O],CC(COCOO)OO
[CH2]C(=O)OCC(C)C,CC(=O)OCC(C)C
C=C([O])OCC(C)C,C=C(O)OCC(C)C
CC=C(C[O])OC(C)=O,CC=C(CO)OC(C)=O
O=C1CO[CH]CCO1,O=C1COCCCO1
CC(=O)OC[C]1COOC1,CC(=O)OCC1COOC1
O[C]1CC(O)O1,OC1CC(O)O1
C[C](C=O)C(C)(C)O,CC(C=O)C(C)(C)O
CC(=C[O])C(C)(C)O,CC(=CO)C(C)(C)O
[CH2]C(=O)C(CC(C)=O)OO,CC(=O)CC(OO)C(C)=O
C=C([O])C(CC(C)=O)OO,C=C(O)C(CC(C)=O)OO
[O]OC(=O)CO,O=C(CO)OO
O=[C]CC(CO)OO,O=CCC(CO)OO
[CH2]CC(C)OC(C)=O,CCC(C)OC(C)=O
O=C1CC(OO)C[CH]O1,O=C1CC(OO)CCO1
CC(COCO[O])OO,CC(COCOO)OO
[O]OC(C=O)C1OCOO1,O=CC(OO)C1OCOO1
[O]OCOC=O,O=COCOO
C=C(CC[O])OC(C)=O,C=C(CCO)OC(C)=O
CC(=O)OCC=CCO[O],CC(=O)OCC=CCOO
C[C](C)C(O)O,CC(C)C(O)O
CCC[CH]OC(C)=O,CCCCOC(C)=O
C=C(CC(=O)O)O[O],C=C(CC(=O)O)OO
C[C](C=O)C1(C)OCOO1,CC(C=O)C1(C)OCOO1
CC(=C[O])C1(C)OCOO1,CC(=CO)C1(C)OCOO1
[CH2]C(=O)C=COC(C)=O,CC(=O)C=COC(C)=O
C=C([O])C=COC(C)=O,C=C(O)C=COC(C)=O
C[C](C)C(C)(C)OOCO,CC(C)C(C)(C)OOCO
C=C(C[O])COC(C)=O,C=C(CO)COC(C)=O
[CH2]C1(COC(C)=O)CO1,CC(=O)OCC1(C)CO1
O=[C]C(CCO)OO,O=CC(CCO)OO
COC(CCOO)O[O],COC(CCOO)OO
CC(C)=COC(=O)CO[O],CC(C)=COC(=O)COO
[CH2]C(CC)OC(C)=O,CCC(C)OC(C)=O
[CH2]C(=O)OCCCC,CCCCOC(C)=O
C=C([O])OCCCC,C=C(O)OCCCC
C[CH]CCOC(C)=O,CCCCOC(C)=O
CC(=O)OC1[CH]COO1,CC(=O)OC1CCOO1
O=C[CH]C(O)C=O,O=CCC(O)C=O
[O]C=CC(O)C=O,O=CC(O)C=CO
CC(=O)OC=CCC[O],CC(=O)OC=CCCO
O[CH]C(CCOO)OO,OCC(CCOO)OO
[O]OCC(=O)CO,O=C(CO)COO
COC(=O)CC[O],COC(=O)CCO
[CH2]C(=O)OC(C)C,CC(=O)OC(C)C
C=C([O])OC(C)C,C=C(O)OC(C)C
C=CC([O])OC(C)=O,C=CC(O)OC(C)=O
O=C1CO[CH]O1,O=C1COCO1
CC[CH]COC(C)=O,CCCCOC(C)=O
CC(=O)C(C)([O])C=O,CC(=O)C(C)(O)C=O
C=C(CO[O])C(=O)O,C=C(COO)C(=O)O
[CH2]C(C)COC(C)=O,CC(=O)OCC(C)C
[CH]1OCOCO1,C1OCOCO1
C[C]=C(CO)OC(C)=O,CC=C(CO)OC(C)=O
CCC([CH]O)CO,CCC(CO)CO
C=CC(O[O])OC(C)=O,C=CC(OO)OC(C)=O
CC1(CO)OOC[C]1COO,CC1(CO)OOCC1COO
C[C](C)OC(C)=O,CC(=O)OC(C)C
CC(=O)COC[C]=O,CC(=O)COCC=O
CC(C)(OO)C(=O)CO[O],CC(C)(OO)C(=O)COO
[O]OCC=CC(=O)O,O=C(O)C=CCOO
C=C(O)C(O)O[O],C=C(O)C(O)OO
CC=CC(=O)OCO[O],CC=CC(=O)OCOO
C=C(C)COC(=O)CO[O],C=C(C)COC(=O)COO
CC(=O)[C]1COOCO1,CC(=O)C1COOCO1
CC([O])=C1COOCO1,CC(O)=C1COOCO1
O=[C]OC=O,O=COC=O
[O]OCC(O)C=O,O=CC(O)COO
[CH2]CC(OO)OCOO,CCC(OO)OCOO
CC(=O)C1CC(C)([O])OO1,CC(=O)C1CC(C)(O)OO1
[CH2]CCCOC(C)=O,CCCCOC(C)=O
CC(=O)O[C]=C(C)CO,CC(=O)OC=C(C)CO
CC=CCOC(=O)CO[O],CC=CCOC(=O)COO
C=CO[CH]OC(C)=O,C=COCOC(C)=O
C[CH]C(=O)O,CCC(=O)O
CC=C([O])O,CC=C(O)O
[CH2]C1OC1OC(C)=O,CC(=O)OC1OC1C
CC(=O)OC=CCO[O],CC(=O)OC=CCOO
CC[C](O)C=O,CCC(O)C=O
CCC(O)=C[O],CCC(O)=CO
[O]COOCO,OCOOCO
CC(C)(CCO)O[O],CC(C)(CCO)OO
C=C(CO[O])OC(C)=O,C=C(COO)OC(C)=O
C[C](C)C(=O)CO,CC(C)C(=O)CO
CC(C)=C([O])CO,CC(C)=C(O)CO
CC([CH]OCOO)OO,CC(COCOO)OO
CCC(=O)[CH]O,CCC(=O)CO
CCC([O])=CO,CCC(O)=CO
CC(=O)C([O])=O,CC(=O)C(=O)O
[O]C1COCO1,OC1COCO1
C[C](C)C(C)(C)OOC(C)(C)C(C)C,CC(C)C(C)(C)OOC(C)(C)C(C)C
[CH2]C(=CO)C(C)(C)O,CC(=CO)C(C)(C)O
C=C([CH]O)C(C)(C)O,C=C(CO)C(C)(C)O
CC[CH]OC(C)=O,CCCOC(C)=O
O=C1OOC[C]1O,O=C1OOCC1O
[O]C1=C(O)COO1,OC1=C(O)OOC1
O[CH]C1OC1O,OCC1OC1O
CC(OO)C(C=O)C[C]=O,CC(OO)C(C=O)CC=O
[O]C1OCCO1,OC1OCCO1
[O]C(=O)CC=O,O=CCC(=O)O
O=C(O)C1[CH]COO1,O=C(O)C1CCOO1
[CH2]C(=O)OCCC,CCCOC(C)=O
C=C([O])OCCC,C=C(O)OCCC
[CH2]C(C)OC(C)=O,CC(=O)OC(C)C
[O]C1CC(O)O1,OC1CC(O)O1
CC(=O)O[C]1COOC1,CC(=O)OC1COOC1
OC1[CH]OC1O,OC1COC1O
[O]OC(O)C=O,O=CC(O)OO
C[CH]COC(C)=O,CCCOC(C)=O
CC(C)(O)O[O],CC(C)(O)OO
COC(=O)C=CCO[O],COC(=O)C=CCOO
C[CH]C(CO)CO,CCC(CO)CO
C[C]1OC1OC(C)=O,CC(=O)OC1OC1C
C[C]1OC(C)C(C)O1,CC1OC(C)C(C)O1
CC[C](CO)CO,CCC(CO)CO
[O]COCOO,OCOCOO
[O]OC1CC1C(=O)O,O=C(O)C1CC1OO
O=[C]C(O)=CO,O=CC(O)=CO
O=C=C(O)[CH]O,O=C=C(O)CO
C=CCC(=O)OCO[O],C=CCC(=O)OCOO
O[CH]C1(O)CO1,OCC1(O)CO1
C=CC(O[O])C(=O)O,C=CC(OO)C(=O)O
O=[C]OCOO,O=COCOO
[CH2]OC(CCOO)OO,COC(CCOO)OO
CC(C)C(CO)O[O],CC(C)C(CO)OO
O[C]1OCC1O,OC1COC1O
O[C]1COC1O,OC1COC1O
C[C](C)C(C)(C)OOCC(C)=O,CC(=O)COOC(C)(C)C(C)C
COOC([O])=O,COOC(=O)O
O=C1C[CH]COOCO1,O=C1CCCOOCO1
CC(C)(CO)O[O],CC(C)(CO)OO
[O]C(=O)OO,O=C(O)OO
C[C]1OCOOC1(C)C=O,CC1OCOOC1(C)C=O
[CH2]CCOC(C)=O,CCCOC(C)=O
CC1(O[O])COOCC1(C)OO,CC1(OO)COOCC1(C)OO
O=[C]C(O)COO,O=CC(O)COO
[O]OC1(C(=O)O)CC1,O=C(O)C1(OO)CC1
O=[C]C(O)C=O,O=CC(O)C=O
C[C](O)CO,CC(O)CO
CC1(OO)COOC1(C)CO[O],CC1(OO)COOC1(C)COO
C[C](O)C=O,CC(O)C=O
CC(O)=C[O],CC(O)=CO
C[CH]C(C)(C)C(CO)OO,CCC(C)(C)C(CO)OO
C[CH]OC(C)=O,CCOC(C)=O
CC(=O)[CH]O,CC(=O)CO
CC([O])=CO,CC(O)=CO
CC([O])C(=O)COO,CC(O)C(=O)COO
[CH2]C1(C)CC(OO)C(=O)OO1,CC1(C)CC(OO)C(=O)OO1
OC1O[CH]O1,OC1OCO1
C[C](O)O,CC(O)O
CC1CCC(C)([O])O1,CC1CCC(C)(O)O1
[CH2]CC(CO)CO,CCC(CO)CO
CC(O)C(C)O[O],CC(O)C(C)OO
[O]C1CC(=O)O1,O=C1CC(O)O1
C=CC(O[O])C(=O)OC,C=CC(OO)C(=O)OC
[CH2]C(=O)OCC,CCOC(C)=O
C=C([O])OCC,C=C(O)OCC
CC(O)[CH]O,CC(O)CO
CC1(C)OOCC1(COO)O[O],CC1(C)OOCC1(COO)OO
CC(=O)CC1(O[O])COOC1,CC(=O)CC1(OO)COOC1
[O]OCC(=O)OO,O=C(COO)OO
CC(C)(O[O])C(C)(C)OO,CC(C)(OO)C(C)(C)OO
[O]C1(CO)CO1,OCC1(O)CO1
[CH2]OC(=O)C=O,COC(=O)C=O
[O]CC(=O)OO,O=C(CO)OO
COOC(C)(C)C(C)(C)O[O],COOC(C)(C)C(C)(C)OO
CC(C)([O])C(=O)C=O,CC(C)(O)C(=O)C=O
CC(OO)C(=O)CO[O],CC(OO)C(=O)COO
CC(OO)C(=O)C[O],CC(OO)C(=O)CO
C=CC(OO)[C](O)C=O,C=CC(OO)C(O)C=O
C=CC(OO)C(O)=C[O],C=CC(OO)C(O)=CO
CC(C)CO[C]=O,CC(C)COC=O
CC1([O])CCCCO1,CC1(O)CCCCO1
[CH2]C(O)C(=O)C=O,CC(O)C(=O)C=O
C[C](C)C(O)=CO,CC(C)C(O)=CO
CC(C)=C(O)[CH]O,CC(C)=C(O)CO
C=CCOC(=O)CO[O],C=CCOC(=O)COO
CC(C)(OO)C1(O[O])COOC1,CC(C)(OO)C1(OO)COOC1
[O]OC(C=O)CCOO,O=CC(CCOO)OO
[O]CCC(=O)COO,O=C(CCO)COO
O=[C]CC(CC=O)OO,O=CCC(CC=O)OO
CCC(O)O[O],CCC(O)OO
CC(=O)C(=O)CO[O],CC(=O)C(=O)COO
CC(C=O)=C(C)OCO[O],CC(C=O)=C(C)OCOO
[CH2]CC(=O)O,CCC(=O)O
[CH2]C1(COO)CCC(=O)OO1,CC1(COO)CCC(=O)OO1
CC1COC(C)([O])C1,CC1COC(C)(O)C1
O[C]1OCO1,OC1OCO1
C[C](C=O)C(C)=CO,CC(=CO)C(C)C=O
CC(=C[O])C(C)=CO,CC(=CO)C(C)=CO
CC([CH]O)=C(C)C=O,CC(C=O)=C(C)CO
[O]OCC(=O)C1(OO)CO1,O=C(COO)C1(OO)CO1
CC[C](C=O)CO,CCC(C=O)CO
CCC(=C[O])CO,CCC(=CO)CO
CCC(OO)OCO[O],CCC(OO)OCOO
O[CH]CCO,OCCCO
O[CH]C1OCO1,OCC1OCO1
[CH2]C1CC(=O)OC1C,CC1CC(=O)OC1C
C=CC([O])C(=O)OC,C=CC(O)C(=O)OC
CCCCO[C]=O,CCCCOC=O
[CH]=CC(O)C(=O)OC,C=CC(O)C(=O)OC
OC[C]1OC1O,OCC1OC1O
CCC(C[O])CO,CCC(CO)CO
C=C[C](C)OC(C)=O,C=CC(C)OC(C)=O
[CH2]C=C(C)OC(C)=O,CC=C(C)OC(C)=O
C=C(C(=O)O[O])C(C)(C)OO,C=C(C(=O)OO)C(C)(C)OO
CC(CO)=C(CO[O])COO,CC(CO)=C(COO)COO
[CH2]C(C)=COC(C)=O,CC(=O)OC=C(C)C
C=C(C)[CH]OC(C)=O,C=C(C)COC(C)=O
CCC(CO)O[O],CCC(CO)OO
[O]C1COC1O,OC1COC1O
[CH2]C(O)=C(C)O,CC(O)=C(C)O
C=C(O)[C](C)O,C=C(O)C(C)O
[CH2]C(=O)O,CC(=O)O
C=C([O])O,C=C(O)O
C=C(CO[O])OCC(C)=O,C=C(COO)OCC(C)=O
CC(=O)C(=O)C[O],CC(=O)C(=O)CO
CC1(O[O])COOC1=O,CC1(OO)COOC1=O
[O]C12OC1O2,OC12OC1O2
[CH2]COC(C)=O,CCOC(C)=O
C[CH]C(=O)CO,CCC(=O)CO
CC=C([O])CO,CC=C(O)CO
C[CH]C=COC(C)=O,CCC=COC(C)=O
CC=C[CH]OC(C)=O,CC=CCOC(C)=O
C=C(COOC(C)(C)[C](C)C)C(C)(C)OO,C=C(COOC(C)(C)C(C)C)C(C)(C)OO
CO[C](C)O,COC(C)O
C[C]1CCC(=O)OC1,CC1CCC(=O)OC1
OCC1(O)[CH]O1,OCC1(O)CO1
CC(=O)[CH]CC(C)=O,CC(=O)CCC(C)=O
CC(=O)CC=C(C)[O],CC(=O)CC=C(C)O
C[C]1C(=O)OC=C1C,CC1=COC(=O)C1C
CC1=COC([O])=C1C,CC1=COC(O)=C1C
CC1=C(C)C(=O)O[CH]1,CC1=C(C)C(=O)OC1
OC[C]1OCO1,OCC1OCO1
OCC1O[CH]O1,OCC1OCO1
[CH2]OC(C)O,COC(C)O
[O]CCC(C=O)OO,O=CC(CCO)OO
C=C(C)[C]1COOC(C)(C)C(C)(C)OC1,C=C(C)C1COOC(C)(C)C(C)(C)OC1
[CH2]C(C)=C1COOC(C)(C)C(C)(C)OC1,CC(C)=C1COOC(C)(C)C(C)(C)OC1
C=C(O)C(=O)O[O],C=C(O)C(=O)OO
CC1OC1OC[O],CC1OC1OCO
[CH2]C1(CO)OOCC1=O,CC1(CO)OOCC1=O
C[CH]C1COC(=O)C1,CCC1COC(=O)C1
O=[C]OC=CO,O=COC=CO
[CH2]C1(C)COC(=O)C1,CC1(C)COC(=O)C1
CC(=O)C(C)(C)O[O],CC(=O)C(C)(C)OO
[O]OC(=O)COO,O=C(COO)OO
[O]OC1C=C(O)C(=O)C1,O=C1CC(OO)C=C1O
CC(C)([CH]CO)OO,CC(C)(CCO)OO
CC(C=O)(C=O)O[O],CC(C=O)(C=O)OO
C=C(COO)C(C)(C)OOC(C)(C)[C](C)C,C=C(COO)C(C)(C)OOC(C)(C)C(C)C
O=C1COOC[CH]CO1,O=C1COOCCCO1
C=CC=C(O)C(O)O[O],C=CC=C(O)C(O)OO
O[C]1OC1O,OC1OC1O
C[CH]OCO,CCOCO
CC1[CH]COC(=O)C1,CC1CCOC(=O)C1
[O]C(C=O)CC=O,O=CCC(O)C=O
CC(O)O[O],CC(O)OO
[CH2]C(O)CO,CC(O)CO
C=C(OCO[O])C(C)=O,C=C(OCOO)C(C)=O
[O]OC(=O)OO,O=C(OO)OO
C[C](C)C(CO)OO,CC(C)C(CO)OO
C=C[CH]COC(C)=O,C=CCCOC(C)=O
[CH2]C=CCOC(C)=O,CC=CCOC(C)=O
CCO[CH]O,CCOCO
C=CC(=O)C(O)O[O],C=CC(=O)C(O)OO
CC1[CH]C(=O)OC1,CC1COC(=O)C1
CC1C=C([O])OC1,CC1C=C(O)OC1
[CH2]C(=CO)C(=O)CC,CCC(=O)C(C)=CO
C=C([CH]O)C(=O)CC,C=C(CO)C(=O)CC
C=C[CH]C(=O)O,C=CCC(=O)O
[CH2]C=CC(=O)O,CC=CC(=O)O
C=CC=C([O])O,C=CC=C(O)O
C=C1COC(C)(C)C(C)(C)OOC[C]1C,C=C1COC(C)(C)C(C)(C)OOCC1C
[CH2]C1=C(C)COOC(C)(C)C(C)(C)OC1,CC1=C(C)COC(C)(C)C(C)(C)OOC1
OCC1O[C]1O,OCC1OC1O
CCCO[C]=O,CCCOC=O
C=C(O)C(=O)CO[O],C=C(O)C(=O)COO
[CH2]C(=C)COC(C)=O,C=C(C)COC(C)=O
[O]OC1COOCO1,OOC1COOCO1
[CH2]C(=O)OC,COC(C)=O
C=C([O])OC,C=C(O)OC
COC(CCO[O])OO,COC(CCOO)OO
[CH2]C(=O)CCC(C)=O,CC(=O)CCC(C)=O
C=C([O])CCC(C)=O,C=C(O)CCC(C)=O
[CH2]OC(C)=O,COC(C)=O
CC(=O)C(C)(C)[O],CC(=O)C(C)(C)O
CC(C=O)(O[O])C1(C)CO1,CC(C=O)(OO)C1(C)CO1
C[CH]C(O)=CO,CCC(O)=CO
CC=C(O)[CH]O,CC=C(O)CO
CO[CH]CCO,COCCCO
O=C1C=CC(OO)[C]1O,O=C1C=CC(OO)C1O
[O]C1=C(O)C(OO)C=C1,OOC1C=CC(O)=C1O
CC(CO)O[O],CC(CO)OO
CC(=O)OC1[CH]O1,CC(=O)OC1CO1
CC(O)CO[O],CC(O)COO
[O]CC1(O)CO1,OCC1(O)CO1
CC(C)([CH]O)OO,CC(C)(CO)OO
CC([O])O,CC(O)O
CCC([O])=O,CCC(=O)O
[O]OC(O)C=CC=O,O=CC=CC(O)OO
C=C(C=O)C([O])O,C=C(C=O)C(O)O
[O]CC1OC1O,OCC1OC1O
O=C[C]1CC(O)=CC1OO,O=CC1CC(O)=CC1OO
[O]C=C1CC(O)=CC1OO,OC=C1CC(O)=CC1OO
O[CH]CO,OCCO
O=[C]COOC=O,O=CCOOC=O
CCC([CH]O)C=O,CCC(C=O)CO
CC1([O])CCCO1,CC1(O)CCCO1
O=C[C]1CC=C(O)C1OO,O=CC1CC=C(O)C1OO
[O]C=C1CC=C(O)C1OO,OC=C1CC=C(O)C1OO
[O]OCC(=O)COO,O=C(COO)COO
C=C(CO)C(=O)CO[O],C=C(CO)C(=O)COO
CC[CH]OCOO,CCCOCOO
CC(O)C[O],CC(O)CO
CC([O])C(=O)C=O,CC(O)C(=O)C=O
CC1([O])OOCC1=O,CC1(O)OOCC1=O
O=[C]C(=O)OO,O=CC(=O)OO
[O]C(=C=O)OO,O=C=C(O)OO
C=C(CO)C[C](C)O,C=C(CO)CC(C)O
C=CC(O)(C=O)O[O],C=CC(O)(C=O)OO
CC1(O[O])COOCC1=O,CC1(OO)COOCC1=O
CC1=C(CO[O])OCO1,CC1=C(COO)OCO1
[CH2]C(O)OC,COC(C)O
[CH2]CCOC=O,CCCOC=O
[O]OC1C=CC(=O)O1,O=C1C=CC(OO)O1
[CH2]C(=C)C(=O)O,C=C(C)C(=O)O
O[CH]O,OCO
CC([O])CO,CC(O)CO
CCCOCO[O],CCCOCOO
[CH2]C=COC(C)=O,CC=COC(C)=O
C=C[CH]OC(C)=O,C=CCOC(C)=O
CC1(C)C[CH]C(=O)OO1,CC1(C)CCC(=O)OO1
CC1(C)CC=C([O])OO1,CC1(C)CC=C(O)OO1
O=C[CH]O,O=CCO
[O]C=CO,OC=CO
[O]OC1C=COCO1,OOC1C=COCO1
O=[C]CCCO,O=CCCCO
O=C1OOC[C]1COO,O=C1OOCC1COO
[O]C1=C(COO)COO1,OOCC1=C(O)OOC1
C=C[CH]C(=O)OC,C=CCC(=O)OC
[CH2]C=CC(=O)OC,CC=CC(=O)OC
C=CC=C([O])OC,C=CC=C(O)OC
C[C](C=O)C(C)C=O,CC(C=O)C(C)C=O
CC(=C[O])C(C)C=O,CC(=CO)C(C)C=O
C[CH]OC=O,CCOC=O
COC(C)O[O],COC(C)OO
CC1(OO)COOC[C]1COO,CC1(OO)COOCC1COO
[CH2]C(O)C(C)=O,CC(=O)C(C)O
[O]OCC1OCOO1,OOCC1OCOO1
CC1(O[O])CCC(=O)C1,CC1(OO)CCC(=O)C1
C=C(CO[O])C(=O)OO,C=C(COO)C(=O)OO
C[CH]C(C=O)CO,CCC(C=O)CO
[CH2]C1OOC(O)C1=O,CC1OOC(O)C1=O
C[C]1OCOOC1(C)C,CC1OCOOC1(C)C
O=C1[CH]OOC1=O,O=C1COOC1=O
[O]C1=COOC1=O,O=C1OOC=C1O
CC1OOCC(O[O])C1(C)C,CC1OOCC(OO)C1(C)C
[CH2]C(=CO)C(C)=O,CC(=O)C(C)=CO
C=C([CH]O)C(C)=O,C=C(CO)C(C)=O
O=C[CH]C1OCOO1,O=CCC1OCOO1
[O]C=CC1OCOO1,OC=CC1OCOO1
CCC1(C)CC(O[O])COO1,CCC1(C)CC(OO)COO1
O=C1C[CH]CCO1,O=C1CCCCO1
CCC([CH]O)OO,CCC(CO)OO
CCO[C]=O,CCOC=O
C[C](C)C1CC(=O)O1,CC(C)C1CC(=O)O1
COC=C(C)[C](C)C=O,COC=C(C)C(C)C=O
CO[CH]C(C)=C(C)C=O,COCC(C)=C(C)C=O
COC=C(C)C(C)=C[O],COC=C(C)C(C)=CO
[O]OC(C=O)C=CO,O=CC(C=CO)OO
[O]OC1(C=O)OC1=O,O=CC1(OO)OC1=O
[CH2]C(=C)OC(C)=O,C=C(C)OC(C)=O
[O]OC1C=CC(=O)C1O,O=C1C=CC(OO)C1O
C=CC(O[O])C(O)=CO,C=CC(OO)C(O)=CO
COC(C)[O],COC(C)O
[CH2]C(C)(O)OO,CC(C)(O)OO
COCC(C)O[O],COCC(C)OO
[CH2]COCO,CCOCO
CC([O])=O,CC(=O)O
COC[CH]O,COCCO
CC(O[O])C1OOC1=O,CC(OO)C1OOC1=O
C[CH]C(OO)OCOO,CCC(OO)OCOO
[O]OCCCO,OCCCOO
O=C1CC[CH]CO1,O=C1CCCCO1
O[CH]C=CO,OC=CCO
[CH2]C1COC(=O)C1,CC1COC(=O)C1
C=C(C=COC(C)=O)O[O],C=C(C=COC(C)=O)OO
CC(C=O)C(C)O[O],CC(C=O)C(C)OO
[CH2]C(O)=CO,CC(O)=CO
C=C(O)[CH]O,C=C(O)CO
[CH2]C1(COO)OOCC1(C)OO,CC1(OO)COOC1(C)COO
[O]C(=C=O)COO,O=C=C(O)COO
O=[C]C(=O)COO,O=CC(=O)COO
CC(O)[C]=O,CC(O)C=O
C[C](C)C1(C)OCOO1,CC(C)C1(C)OCOO1
C=C(CO[O])C(OO)C(C)=O,C=C(COO)C(OO)C(C)=O
CO[CH]CO,COCCO
C[C](COO)C(C)=CO,CC(=CO)C(C)COO
CC([CH]O)=C(C)COO,CC(CO)=C(C)COO
[CH2]C(=O)CO,CC(=O)CO
C=C([O])CO,C=C(O)CO
[CH2]C(=C=O)C(=O)OO,CC(=C=O)C(=O)OO
C=C([C]=O)C(=O)OO,C=C(C=O)C(=O)OO
C[C]1COOC1(C)CO,CC1COOC1(C)CO
[O]C(=C=O)C=O,O=C=C(O)C=O
O=[C]C(=O)C=O,O=CC(=O)C=O
[CH2]C(=O)OC=C(C)C,CC(=O)OC=C(C)C
C=C([O])OC=C(C)C,C=C(O)OC=C(C)C
[O]CCCO,OCCCO
CC(C)C1(C)OOCC1O[O],CC(C)C1(C)OOCC1OO
[CH2]C(=O)C(C)(C)OO,CC(=O)C(C)(C)OO
C=C([O])C(C)(C)OO,C=C(O)C(C)(C)OO
CC1CC(C)(O[O])COO1,CC1CC(C)(OO)COO1
CC(C)([O])CC=O,CC(C)(O)CC=O
C[CH]C(O)OO,CCC(O)OO
CCOC[O],CCOCO
[CH2]C(C)(O)COO,CC(C)(O)COO
CC1=COC(O[O])C1=O,CC1=COC(OO)C1=O
COCCCO[O],COCCCOO
CCOCO[O],CCOCOO
CC1([O])CCC(=O)C1,CC1(O)CCC(=O)C1
CC1(C)[CH]C(O)OO1,CC1(C)CC(O)OO1
O[C]1OO1,OC1OO1
O=[C]O,O=CO
[O]OC1COOCC1OO,OOC1COOCC1OO
O=C[CH]C=CO,O=CCC=CO
[O]C=CC=CO,OC=CC=CO
O=CC=C[CH]O,O=CC=CCO
[CH2]C(O)C(C)OO,CC(O)C(C)OO
CC(=O)C(C)O[O],CC(=O)C(C)OO
CO[CH]O,COCO
[O]OC1COOC1=O,O=C1OOCC1OO
[O]OCC(=O)C=O,O=CC(=O)COO
[CH2]OCO,COCO
CCC1(C)COOCC1O[O],CCC1(C)COOCC1OO
[CH2]C=C(O)C=O,CC=C(O)C=O
C=C[C](O)C=O,C=CC(O)C=O
C=CC(O)=C[O],C=CC(O)=CO
[O]OC(=O)C=O,O=CC(=O)OO
[CH2]COC=O,CCOC=O
C[CH]C(O)C=O,CCC(O)C=O
C[C]1CCC(=O)CO1,CC1CCC(=O)CO1
C[C]1OCCO1,CC1OCCO1
[CH2]CC(O)OO,CCC(O)OO
CC(C)(C)C(C)(C)O[O],CC(C)(C)C(C)(C)OO
[O]CC1OCO1,OCC1OCO1
C[C](O)COO,CC(O)COO
CC(O[O])C(C)OO,CC(OO)C(C)OO
CCC(=O)O[O],CCC(=O)OO
CC(=O)C(C)[O],CC(=O)C(C)O
C=C(C)C(C)(CO)O[O],C=C(C)C(C)(CO)OO
O=[C]CCO,O=CCCO
C[C](C)C(C)(C)OC1=COC=C1C,CC1=COC=C1OC(C)(C)C(C)C
C=C(O)C(C)(C)O[O],C=C(O)C(C)(C)OO
CC([C]=O)C(C)OO,CC(C=O)C(C)OO
CC1(C)OOCC1(C)O[O],CC1(C)OOCC1(C)OO
C=C(C)[CH]CC(=O)OO,C=C(C)CCC(=O)OO
[CH2]C(C)=CCC(=O)OO,CC(C)=CCC(=O)OO
[O]C(C=O)C=O,O=CC(O)C=O
CC(C)(C=O)O[O],CC(C)(C=O)OO
CC([CH]O)OO,CC(CO)OO
[CH2]C(=O)OC(C)C=C,C=CC(C)OC(C)=O
C=CC(C)OC(=C)[O],C=CC(C)OC(=C)O
[CH2]C(=O)OCC(=C)C,C=C(C)COC(C)=O
C=C(C)COC(=C)[O],C=C(C)COC(=C)O
O=CC(O)=[C]O,O=CC(O)=CO
[O]OCCO,OCCOO
C=C(C)C(OO)C(=O)CO[O],C=C(C)C(OO)C(=O)COO
[O]CC(=O)C=O,O=CC(=O)CO
C[C](C)C(C)(C)O,CC(C)C(C)(C)O
[O]CO,OCO
CC(CCOO)O[O],CC(CCOO)OO
[CH2]C(=C)C(C)(CO)OO,C=C(C)C(C)(CO)OO
[CH2]OCOC,COCOC
CC(C)=CC(O)O[O],CC(C)=CC(O)OO
CC1CC(C)(CO[O])OO1,CC1CC(C)(COO)OO1
[CH2]C(=O)OCC=CC,CC=CCOC(C)=O
C=C([O])OCC=CC,C=C(O)OCC=CC
[O]OCO,OCOO
C[C](C)OCC(=O)C1OO1,CC(C)OCC(=O)C1OO1
CC(CCO[O])OO,CC(CCOO)OO
[O]OCC1=COC=C1O,OOCC1=COC=C1O
[CH2]C(O)=COC,COC=C(C)O
C=C(O)[CH]OC,C=C(O)COC
[CH2]CC(CO)OO,CCC(CO)OO
[O]CCO,OCCO
[O]OCC(=O)C1(C=O)OO1,O=CC1(C(=O)COO)OO1
O[CH]CCOO,OCCCOO
CC(=O)CC[O],CC(=O)CCO
O=CC1[CH]OCOO1,O=CC1COCOO1
OOC1O[CH]O1,OOC1OCO1
O=C1C[CH]C=C1O,O=C1CCC=C1O
O=C1CC=C[C]1O,O=C1CC=CC1O
[O]C1=C(O)C=CC1,OC1=C(O)CC=C1
CO[CH]OC,COCOC
[O]OCC1OOCC1OO,OOCC1OOCC1OO
[O]OC1C=COC1=O,O=C1OC=CC1OO
C=CC[CH]OC(C)=O,C=CCCOC(C)=O
[CH2]C1(C)CCC(=O)OO1,CC1(C)CCC(=O)OO1
CCC(=O)CO[O],CCC(=O)COO
C=[C]OCOOC(C)=O,C=COCOOC(C)=O
C[C]1CCC(=O)OOC1,CC1CCC(=O)OOC1
CC(C)([O])C=CO,CC(C)(O)C=CO
C=CCC(=O)O[CH]C,C=CCC(=O)OCC
C=C(C)CCC([O])=O,C=C(C)CCC(=O)O
CCC([O])OO,CCC(O)OO
CC(=O)C1(O[O])CO1,CC(=O)C1(OO)CO1
CC(=O)O[O],CC(=O)OO
CO[CH]C=O,COCC=O
COC=C[O],COC=CO
CCC(COO)O[O],CCC(COO)OO
[CH2]C1(C)CC(=O)CO1,CC1(C)CC(=O)CO1
[O]C1CCCO1,OC1CCCO1
C[C](C=O)C=O,CC(C=O)C=O
CC(C=O)=C[O],CC(C=O)=CO
COC([CH]COO)OO,COC(CCOO)OO
CO[C]=O,COC=O
[O]CC1OOCC1=O,O=C1COOC1CO
CCC(=O)C[O],CCC(=O)CO
[O]OC1C=CC(O)C1=O,O=C1C(O)C=CC1OO
[CH2]CC(=O)OO,CCC(=O)OO
[O]C1OOCC1=O,O=C1COOC1O
[CH2]OC=O,COC=O
CC(CO[O])COO,CC(COO)COO
C=CC(O)C=CC(=O)O[O],C=CC(O)C=CC(=O)OO
C=C(COO)C(=O)O[O],C=C(COO)C(=O)OO
O=C1[CH]OC1OO,O=C1COC1OO
[O]C1=COC1OO,OOC1OC=C1O
[O]OC1COOCC1=O,O=C1COOCC1OO
C=C1[CH]CC(=O)OC1,C=C1CCC(=O)OC1
[CH2]C1=CCC(=O)OC1,CC1=CCC(=O)OC1
[O]OC(C=O)CC=CC=O,O=CC=CCC(C=O)OO
[O]OC1C=C(O)C(O)=C1,OOC1C=C(O)C(O)=C1
COCCO[O],COCCOO
CCC(C)(C)[CH]CO,CCC(C)(C)CCO
C[CH]C(=O)COO,CCC(=O)COO
CC=C([O])COO,CC=C(O)COO
CC(C)C(C)(C)O[O],CC(C)C(C)(C)OO
CCC(C[O])OO,CCC(CO)OO
CC1(C)OO[CH]C1=O,CC1(C)OOCC1=O
CC1(C)OOC=C1[O],CC1(C)OOC=C1O
[CH2]OC(C)OO,COC(C)OO
OC1=C[CH]C=CC1O,OC1=CCC=CC1O
O[C]1C=CC=CC1O,OC1C=CC=CC1O
OC1=CC=C[CH]C1O,OC1=CC=CCC1O
[CH2]OCC(C)=O,COCC(C)=O
CC(C)=C(C)OCO[O],CC(C)=C(C)OCOO
[CH2]C1(C=COC(C)=O)OO1,CC(=O)OC=CC1(C)OO1
C[CH]COCOO,CCCOCOO
CC(=O)C[C]=O,CC(=O)CC=O
[O]OCCCC=O,O=CCCCOO
COC[O],COCO
C=CC(=O)[CH]O,C=CC(=O)CO
C=CC([O])=CO,C=CC(O)=CO
[CH2]C(=O)C(C)=O,CC(=O)C(C)=O
C=C([O])C(C)=O,C=C(O)C(C)=O
C=CCO[C](C)O,C=CCOC(C)O
[CH2]C(=O)OC=CC,CC=COC(C)=O
C=C([O])OC=CC,C=C(O)OC=CC
[CH2]C(=O)OO,CC(=O)OO
C=C([O])OO,C=C(O)OO
CC(C)C(C)[CH]CO,CC(C)C(C)CCO
C=C(C=O)C(=O)O[O],C=C(C=O)C(=O)OO
C=C(C)C(C)(C)OOC(C)(C)[C](C)C,C=C(C)C(C)(C)OOC(C)(C)C(C)C
O=[C]CO,O=CCO
C[CH]OCOO,CCOCOO
[O]OCCCCOO,OOCCCCOO
CC(CO)=C(C)CO[O],CC(CO)=C(C)COO
[CH2]C(O)OO,CC(O)OO
CCC(C=O)O[O],CCC(C=O)OO
C=C(CO[O])C(C)CO,C=C(COO)C(C)CO
[CH2]C(=O)OC(=C)C,C=C(C)OC(C)=O
C=C(C)OC(=C)[O],C=C(C)OC(=C)O
CC([O])CC=O,CC(O)CC=O
COCO[O],COCOO
C=C[CH]C(O)=CO,C=CCC(O)=CO
[CH2]C=CC(O)=CO,CC=CC(O)=CO
C=CC=C(O)[CH]O,C=CC=C(O)CO
[CH2]OCC(C)OO,COCC(C)OO
[CH2]C(=O)C1(OO)CO1,CC(=O)C1(OO)CO1
C=C([O])C1(OO)CO1,C=C(O)C1(OO)CO1
[CH2]C(=O)C(C)OO,CC(=O)C(C)OO
C=C([O])C(C)OO,C=C(O)C(C)OO
O=C1O[C]1O,O=C1OC1O
[O]C1=C(O)O1,OC1=C(O)O1
COCC(C)[O],COCC(C)O
O=C1[CH]C=CO1,O=C1CC=CO1
[O]C1=CC=CO1,OC1=CC=CO1
O=C1C=C[CH]O1,O=C1C=CCO1
C[C]1OCC=C(C)O1,CC1=CCOC(C)O1
[CH2]C(CO)OO,CC(CO)OO
COCC[O],COCCO
OC[CH]COO,OCCCOO
CC(COO)O[O],CC(COO)OO
[CH2]C(O)C=O,CC(O)C=O
[CH2]C(O)OOC,COOC(C)O
C[CH]C1COC1=O,CCC1COC1=O
OC1[CH]C=CO1,OC1CC=CO1
OC1C=C[CH]O1,OC1C=CCO1
CC(C)=C(C)C(=O)O[O],CC(C)=C(C)C(=O)OO
C[C]1COOC1CO,CC1COOC1CO
[CH2]C(=C)OCC(C)=O,C=C(C)OCC(C)=O
[CH2]OC(=O)C=CC,CC=CC(=O)OC
C=CC(C)(CO)O[O],C=CC(C)(CO)OO
CC1(O[O])CCOOC1,CC1(OO)CCOOC1
[O]OC1C=CC(O)=C1O,OOC1C=CC(O)=C1O
[CH2]C(O)COO,CC(O)COO
[O]CCCC=O,O=CCCCO
[O]OC1OC=CC1=O,O=C1C=COC1OO
C[C](O)C1(C)OO1,CC(O)C1(C)OO1
C=CC(O)(C=CC=O)O[O],C=CC(O)(C=CC=O)OO
C=C(C)C(O)O[O],C=C(C)C(O)OO
CO[CH]CC=O,COCCC=O
CCC([O])C=O,CCC(O)C=O
CC(C=O)C[O],CC(C=O)CO
CC([O])OO,CC(O)OO
CO[CH]CCOO,COCCCOO
O[CH]COO,OCCOO
CCC(OC)O[O],CCC(OC)OO
O=C1C=CC[C]1O,O=C1C=CCC1O
[O]C1=C(O)CC=C1,OC1=C(O)CC=C1
C=C(O)C(C)O[O],C=C(O)C(C)OO
C=CC(O)=CC(C=O)O[O],C=CC(O)=CC(C=O)OO
[CH2]C(=O)OCC=C,C=CCOC(C)=O
C=CCOC(=C)[O],C=CCOC(=C)O
CC(=O)C[O],CC(=O)CO
C=C(C)C(CO)O[O],C=C(C)C(CO)OO
[O]OC1OCC1=O,O=C1COC1OO
COOC[CH]O,COOCCO
OC1=C[CH]CO1,OC1=CCCO1
O[C]1C=CCO1,OC1C=CCO1
[CH2]OCCCOO,COCCCOO
CC(C)C(C)(C)[O],CC(C)C(C)(C)O
C[C]1COC1=O,CC1COC1=O
CC1=C([O])OC1,CC1=C(O)OC1
C=C(C)C([O])O,C=C(C)C(O)O
COOC(C)[O],COOC(C)O
C=CC(OO)C(=O)CO[O],C=CC(OO)C(=O)COO
C[C]1COOC1=O,CC1COOC1=O
CC1=C([O])OOC1,CC1=C(O)OOC1
CC=C(O)CO[O],CC=C(O)COO
CC(C[O])OO,CC(CO)OO
C=C(C)C(=C)COOC(C)(C)C(C)(C)[O],C=C(C)C(=C)COOC(C)(C)C(C)(C)O
C[C]=CCOC(C)=O,CC=CCOC(C)=O
CC([O])COO,CC(O)COO
C=C(C)CCC(=O)O[O],C=C(C)CCC(=O)OO
O=C[CH]CCOO,O=CCCCOO
[O]C=CCCOO,OC=CCCOO
CCC(C)(C)O[O],CCC(C)(C)OO
COC=C[CH]C=O,COC=CCC=O
CO[CH]C=CC=O,COCC=CC=O
COC=CC=C[O],COC=CC=CO
C=C(C)C([O])CO,C=C(C)C(O)CO
C=C(CO[O])C(C)(CC)OO,C=C(COO)C(C)(CC)OO
CC=CC([O])O,CC=CC(O)O
[CH2]C(OC)OO,COC(C)OO
CC(C=O)O[O],CC(C=O)OO
CC1=CCOC1(C)[O],CC1=CCOC1(C)O
CC(=CCO)CO[O],CC(=CCO)COO
[CH]1OCCO1,C1COCO1
[O]C=O,O=CO
CC(=O)O[C]=C(C)C,CC(=O)OC=C(C)C
[O]OC(C=O)C1CO1,O=CC(OO)C1CO1
C=CCCC([O])=O,C=CCCC(=O)O
C[C](C)C(C)(C)CC(=O)C1OO1,CC(C)C(C)(C)CC(=O)C1OO1
[CH2]C(=O)COC(=C)C,C=C(C)OCC(C)=O
C=C([O])COC(=C)C,C=C(O)COC(=C)C
C[C]1COOCC1=O,CC1COOCC1=O
CC1=C([O])COOC1,CC1=C(O)COOC1
CCOOC[O],CCOOCO
[O]CCCOO,OCCCOO
CC=[C]COC(C)=O,CC=CCOC(C)=O
C[C](C=O)C1(C)CO1,CC(C=O)C1(C)CO1
CC(=C[O])C1(C)CO1,CC(=CO)C1(C)CO1
CC(O)=CO[O],CC(O)=COO
CC1=C(C[O])CC(C)(C)C(C)(C)C1,CC1=C(CO)CC(C)(C)C(C)(C)C1
[CH2]C(C=O)C(C)OO,CC(C=O)C(C)OO
[CH2]CCOOC=O,CCCOOC=O
C=C(C)COC1[CH]C=C(C)CC1OO,C=C(C)COC1CC=C(C)CC1OO
C=C(C)COC1C=C[C](C)CC1OO,C=C(C)COC1C=CC(C)CC1OO
[CH2]OC(=O)CC=C,C=CCC(=O)OC
[CH2]COCOO,CCOCOO
CC([C]=O)OO,CC(C=O)OO
CC([O])C=O,CC(O)C=O
CC1([O])CC=CCO1,CC1(O)CC=CCO1
CC1OOC[C]1O,CC1OOCC1O
O=C1[CH]CC=C1O,O=C1CCC=C1O
[O]C1=CCC=C1O,OC1=CCC=C1O
C=C1C(=O)OOC1[O],C=C1C(=O)OOC1O
CC([O])=C=O,CC(O)=C=O
CC(=O)[C]=O,CC(=O)C=O
C[C](C)C(C)=O,CC(=O)C(C)C
CC(C)=C(C)[O],CC(C)=C(C)O
C[C](C)C(C)(C)OOCC(C)=C(C)C,CC(C)=C(C)COOC(C)(C)C(C)C
CC(O)=C[C]1COOC1,CC(O)=CC1COOC1
C[C](O)C=C1COOC1,CC(O)C=C1COOC1
C=CC(O)=C[CH]C=O,C=CC(O)=CCC=O
C=C[C](O)C=CC=O,C=CC(O)C=CC=O
C=CC(O)=CC=C[O],C=CC(O)=CC=CO
[CH2]C=C(O)C=CC=O,CC=C(O)C=CC=O
C[C]1COOC1C(C)=O,CC(=O)C1OOCC1C
C[C]1COOCC1(C)OO,CC1COOCC1(C)OO
[O]C1C=COCOO1,OC1C=COCOO1
CO[CH]COO,COCCOO
C[C]1COOC1(C)COO,CC1COOC1(C)COO
CCC[CH]OCC,CCCCOCC
CC(C)C(C)O[O],CC(C)C(C)OO
CC(=O)C=C(C)CO[O],CC(=O)C=C(C)COO
[CH2]C(C)(OO)C(=C)CO,C=C(CO)C(C)(C)OO
CC(=CO)O[O],CC(=CO)OO
C[C](C)C1OOC1O,CC(C)C1OOC1O
[O]OCCC=O,O=CCCOO
C=C(C=O)C(C)(C)O[O],C=C(C=O)C(C)(C)OO
[CH2]C(C=O)=COC,COC=C(C)C=O
C=C([CH]OC)C=O,C=C(C=O)COC
C=C1CC(C)(O[O])CO1,C=C1CC(C)(OO)CO1
C=C1C(O)=COC1O[O],C=C1C(O)=COC1OO
O=C1[CH]C=CC1O,O=C1CC=CC1O
[O]C1=CC=CC1O,OC1=CC=CC1O
O=C1C=C[CH]C1O,O=C1C=CCC1O
CC(C)(OO)[C]1COOC1,CC(C)(OO)C1COOC1
CC(C)(C)CO[O],CC(C)(C)COO
OOC1[CH]OCC1,OOC1CCOC1
CC(=C=O)C(C)(C)O[O],CC(=C=O)C(C)(C)OO
CC(=CCO)C[O],CC(=CCO)CO
[CH]1C=COCO1,C1=COCOC1
[O]CCC=O,O=CCCO
COC1=C[CH]CO1,COC1=CCCO1
CO[C]1C=CCO1,COC1C=CCO1
C=C(C)OC(C)(C)[C](C)C,C=C(C)OC(C)(C)C(C)C
CC(C)(C)O[O],CC(C)(C)OO
[O]C1CCCOO1,OC1CCCOO1
CCC(CC)O[O],CCC(CC)OO
CC1=CO[CH]C1=O,CC1=COCC1=O
CC1=COC=C1[O],CC1=COC=C1O
C=C(C)C(C)(CO[O])OO,C=C(C)C(C)(COO)OO
[CH2]OCOO,COCOO
[O]OC=O,O=COO
CC1OO[CH]C1=O,CC1OOCC1=O
CC1OOC=C1[O],CC1OOC=C1O
[CH2]C(=O)COO,CC(=O)COO
C=C([O])COO,C=C(O)COO
C=C(CO[O])C(C)(C)OO,C=C(COO)C(C)(C)OO
C[C]=CC(=O)OC,CC=CC(=O)OC
[CH2]OCCOO,COCCOO
C[C](CO)C1(C)COO1,CC(CO)C1(C)COO1
O=[C]CCOO,O=CCCOO
C=C(COO)C(C)(C)O[O],C=C(COO)C(C)(C)OO
C=C(C)C(O[O])C(C)=O,C=C(C)C(OO)C(C)=O
CC1(C)OOC[C]1COO,CC1(C)OOCC1COO
C=C[C]1C=COC1=O,C=CC1C=COC1=O
[CH2]C=C1C=COC1=O,CC=C1C=COC1=O
C=CC1=C[CH]OC1=O,C=CC1=CCOC1=O
C=CC1=C([O])OC=C1,C=CC1=C(O)OC=C1
[CH2]C1(C)OOCC1(C)OO,CC1(C)OOCC1(C)OO
O=C[CH]OO,O=CCOO
[O]C=COO,OC=COO
[CH2]C(C)(C)C(C)(C)OO,CC(C)(C)C(C)(C)OO
O=C[CH]C=O,O=CCC=O
[O]C=CC=O,O=CC=CO
C[C](C)C(C)(C)OO,CC(C)C(C)(C)OO
C=CC(O[O])OC=CC=O,C=CC(OO)OC=CC=O
OC1=C[CH]C=C1O,OC1=CCC=C1O
O[C]1C=CC=C1O,OC1=CC=CC1O
OC1=C(O)C=C[CH]1,OC1=C(O)CC=C1
C=C(C[O])C(C)(C)OO,C=C(CO)C(C)(C)OO
C=C(CO[O])CC(C)=O,C=C(COO)CC(C)=O
O[C]1CCO1,OC1CCO1
C=C1CO[C](C)O1,C=C1COC(C)O1
[CH2]OCOOC,COCOOC
CC(C)=CC(=O)CO[O],CC(C)=CC(=O)COO
O=C[CH]COO,O=CCCOO
[O]C=CCOO,OC=CCOO
C=C(C=O)C(C)(C)[O],C=C(C=O)C(C)(C)O
[O]OCCOO,OOCCOO
C=[C]CC(=O)O,C=CCC(=O)O
COOC(C)(C)[C](C)C,COOC(C)(C)C(C)C
C=CCC([O])=O,C=CCC(=O)O
[CH2]OC(=C)O,C=C(O)OC
C=CC(O)O[O],C=CC(O)OO
OC1C[CH]O1,OC1CCO1
C[C](C)O,CC(C)O
[CH2]OC(C)=C(C)C=O,COC(C)=C(C)C=O
CC1([CH]O)OO1,CC1(CO)OO1
C=CC(CO)O[O],C=CC(CO)OO
C[C]=COC(C)=O,CC=COC(C)=O
OC1[CH]COO1,OC1CCOO1
CC1([O])CO1,CC1(O)CO1
C=C1CC(C)([O])CO1,C=C1CC(C)(O)CO1
C=C(O)CO[O],C=C(O)COO
C=C(O)O[O],C=C(O)OO
CC1(O[O])COOC1,CC1(OO)COOC1
C=C(COO)[C](C)COO,C=C(COO)C(C)COO
[CH2]C(COO)=C(C)COO,CC(COO)=C(C)COO
O=[C]CC=O,O=CCC=O
CC(=O)C[C]1COOC1,CC(=O)CC1COOC1
CC(C)=C(C=O)CO[O],CC(C)=C(C=O)COO
C[C](C)CO,CC(C)CO
C=C(C[O])C(=O)CC,C=C(CO)C(=O)CC
C=C(C[O])CC(C)=O,C=C(CO)CC(C)=O
C=C(C)C(C)(C=O)O[O],C=C(C)C(C)(C=O)OO
C=CO[CH]O,C=COCO
[CH2]COOC=O,CCOOC=O
[O]OC1CCOOC1,OOC1CCOOC1
O=[C]CC=CO,O=CCC=CO
CCC(C)CO[O],CCC(C)COO
O=C(O)[C]1CC1,O=C(O)C1CC1
[O]C(O)=C1CC1,OC(O)=C1CC1
[O]COO,OCOO
C[C](C)C(C)=CO,CC(=CO)C(C)C
CC(C)=C(C)[CH]O,CC(C)=C(C)CO
CC[C](C)OC,CCC(C)OC
CC(C)=C(CO[O])COO,CC(C)=C(COO)COO
[CH2]C(=O)C=O,CC(=O)C=O
C=C([O])C=O,C=C(O)C=O
O=C[CH]C=CCC=O,O=CCC=CCC=O
[O]C=CC=CCC=O,O=CCC=CC=CO
O=CC=C[CH]CC=O,O=CC=CCCC=O
C=C(COO)C(C)(C)[O],C=C(COO)C(C)(C)O
C=C1CO[C](C)CO1,C=C1COC(C)CO1
CC1([O])CC=CO1,CC1(O)CC=CO1
CC(C)COOC1(C)[CH]C=CCC1,CC(C)COOC1(C)CC=CCC1
CC(C)COOC1(C)C=C[CH]CC1,CC(C)COOC1(C)C=CCCC1
CC1OOCC1O[O],CC1OOCC1OO
C=CC([O])O,C=CC(O)O
C=C1OC[C](C)CO1,C=C1OCC(C)CO1
[CH]=C(C)OC(C)=O,C=C(C)OC(C)=O
C=[C]COC(C)=O,C=CCOC(C)=O
[CH2]C(=C=O)C(C)(C)OO,CC(=C=O)C(C)(C)OO
C=C([C]=O)C(C)(C)OO,C=C(C=O)C(C)(C)OO
COOC[O],COOCO
[O]C(=O)C1CC1,O=C(O)C1CC1
CC1=C[CH]C(OOCC(C)C)CC1,CC1=CCC(OOCC(C)C)CC1
C[C]1C=CC(OOCC(C)C)CC1,CC(C)COOC1C=CC(C)CC1
CC(=O)C1([C]=O)OO1,CC(=O)C1(C=O)OO1
OC1=CCOC=C[CH]1,OC1=CCOC=CC1
OC1=CCO[CH]C=C1,OC1=CCOCC=C1
OC1=CC=COC[CH]1,OC1=CC=COCC1
[CH2]C(C)=C1COOCO1,CC(C)=C1COOCO1
C=C(C)[C]1COOCO1,C=C(C)C1COOCO1
[CH2]CC(C=O)OO,CCC(C=O)OO
C[C](O)C1OO1,CC(O)C1OO1
[CH2]C1(CC(C)=O)CO1,CC(=O)CC1(C)CO1
C=C(O)C[O],C=C(O)CO
CC=[C]OC(C)=O,CC=COC(C)=O
C=C(C)[C](COO)COO,C=C(C)C(COO)COO
[CH2]C(C)=C(COO)COO,CC(C)=C(COO)COO
O=C(O)C1[CH]C1,O=C(O)C1CC1
CO[CH]C(C)C,COCC(C)C
CC(C=O)=C(C)CO[O],CC(C=O)=C(C)COO
[O]OC1CCCCC1,OOC1CCCCC1
CCC(C)O[O],CCC(C)OO
[O]CCOO,OCCOO
[CH2]COC=CO,CCOC=CO
[CH2]C(CC=O)OO,CC(CC=O)OO
O=C1C=CC(O)[CH]C1,O=C1C=CC(O)CC1
[O]CC=CO,OC=CCO
[O]OCC=COC=CC=O,O=CC=COC=CCOO
CC=[C]C(=O)OC,CC=CC(=O)OC
CC=C=C([O])OC,CC=C=C(O)OC
C=C(C)CC(=O)CO[O],C=C(C)CC(=O)COO
CC=CC(=O)O[O],CC=CC(=O)OO
[CH2]OC(CC)OO,CCC(OC)OO
CC(C)=C(C=O)C[O],CC(C)=C(C=O)CO
COOCC[O],COOCCO
[CH2]C1OC1O,CC1OC1O
CC(CO[O])=C(C)COO,CC(COO)=C(C)COO
C=[C]CC(=O)OC,C=CCC(=O)OC
C=C(CO)O[O],C=C(CO)OO
[O]OCC=O,O=CCOO
[CH2]OCC(C)C,COCC(C)C
C=C(C)C(=O)O[O],C=C(C)C(=O)OO
[CH2]C(C)C(C)(C)OO,CC(C)C(C)(C)OO
[CH2]C1(O)CO1,CC1(O)CO1
C=C(O)[C]=O,C=C(O)C=O
[CH2]C(O)=C=O,CC(O)=C=O
[O]OCC1CCOO1,OOCC1CCOO1
CC(C=O)=C(C)C[O],CC(C=O)=C(C)CO
O=C1[CH]CO1,O=C1CCO1
[O]C1=CCO1,OC1=CCO1
CCC[CH]OC,CCCCOC
C=C(C(C)=O)C(C)(C)[C](C)C,C=C(C(C)=O)C(C)(C)C(C)C
CC1(O)[CH]O1,CC1(O)CO1
COC[C](C)C,COCC(C)C
C=CC([O])=O,C=CC(=O)O
C[C]1OC1O,CC1OC1O
[CH2]C1(C)OOC1CO,CC1(C)OOC1CO
C=C(CO[O])C(C)=O,C=C(COO)C(C)=O
C=CC(OC)O[O],C=CC(OC)OO
O[CH]C1CO1,OCC1CO1
[O]CC=O,O=CCO
[CH2]OC(=C)C(C)=O,C=C(OC)C(C)=O
O=[C]COO,O=CCOO
O=C1[CH]COO1,O=C1CCOO1
[O]C1=CCOO1,OC1=CCOO1
[CH2]C1=COC(O)C1=C,C=C1C(C)=COC1O
C=C1[CH]OC(O)C1=C,C=C1COC(O)C1=C
C[CH]C(C)=O,CCC(C)=O
CC=C(C)[O],CC=C(C)O
CC[CH]CO,CCCCO
[O]OC1=COOC1=O,O=C1OOC=C1OO
CC(=O)C=CCO[O],CC(=O)C=CCOO
CC(C)CO[O],CC(C)COO
C=CC(O)[C]=O,C=CC(O)C=O
O=C1C[CH]O1,O=C1CCO1
O[C]1COOC1,OC1COOC1
C=C(O)[C](C)C,C=C(O)C(C)C
[CH2]C(O)=C(C)C,CC(C)=C(C)O
[CH2]OCCCC,CCCCOC
C[C](C)C=O,CC(C)C=O
CC(C)=C[O],CC(C)=CO
[O]C1CCOO1,OC1CCOO1
CC[CH]O,CCCO
CC(O[O])C1(C)OO1,CC(OO)C1(C)OO1
C=C(C=O)C[C](C=O)C(=C)C,C=C(C=O)CC(C=O)C(=C)C
C=C(C=O)CC(=C[O])C(=C)C,C=C(C=O)CC(=CO)C(=C)C
[CH2]C(C)=C(C=O)CC(=C)C=O,C=C(C=O)CC(C=O)=C(C)C
[O]CC1(C=O)OO1,O=CC1(CO)OO1
CO[C](C)C,COC(C)C
OC1[CH]CO1,OC1CCO1
C=C(C[O])C(C)=O,C=C(CO)C(C)=O
C[CH]C(OC)OO,CCC(OC)OO
CC1(O[O])CCC1=O,CC1(OO)CCC1=O
[CH2]C(=O)C(OO)C(=C)C,C=C(C)C(OO)C(C)=O
C=C(C)C(OO)C(=C)[O],C=C(C)C(OO)C(=C)O
C=C(C=O)C(C)O[O],C=C(C=O)C(C)OO
[CH2]C1(C)OOCC1=O,CC1(C)OOCC1=O
[CH2]C(=O)C1(C=O)OO1,CC(=O)C1(C=O)OO1
C=C([O])C1(C=O)OO1,C=C(O)C1(C=O)OO1
CC1O[C]1O,CC1OC1O
[O]OCC(=O)C1OO1,O=C(COO)C1OO1
O=C1[CH]COOC1,O=C1CCOOC1
[O]C1=CCOOC1,OC1=CCOOC1
[CH2]OC(C)C,COC(C)C
C=CC(=O)C(C)O[O],C=CC(=O)C(C)OO
CC1OC1O[O],CC1OC1OO
[CH2]C1C(=O)C=CC1O,CC1C(=O)C=CC1O
[O]C1CCO1,OC1CCO1
C=C(C)[C](C)CO,C=C(C)C(C)CO
[CH2]C(C)=C(C)CO,CC(C)=C(C)CO
C[C](C)C=CO,CC(C)C=CO
CC(C)=C[CH]O,CC(C)=CCO
[CH2]C=C(C=O)OO,CC=C(C=O)OO
C=C[C](C=O)OO,C=CC(C=O)OO
C=CC(=C[O])OO,C=CC(=CO)OO
[CH]=CC(=O)O,C=CC(=O)O
C=C(COO)C(C)O[O],C=C(COO)C(C)OO
CC1([CH]CO)COO1,CC1(CCO)COO1
C=C(C=C(C)O)CO[O],C=C(C=C(C)O)COO
CCCCO[O],CCCCOO
[CH2]CCCO,CCCCO
CC(C)(O[O])C1OO1,CC(C)(OO)C1OO1
C[CH]C(C)(C)OO,CCC(C)(C)OO
O=C1[CH]OC=C1,O=C1C=COC1
[O]C1=COC=C1,OC1=COC=C1
C[C](C)C(C)OO,CC(C)C(C)OO
CC=CC(=O)CO[O],CC=CC(=O)COO
C=C(OC(C)(C)[C](C)C)C1OO1,C=C(OC(C)(C)C(C)C)C1OO1
CC=C(C=O)CO[O],CC=C(C=O)COO
C=C(C)C=C(O)CO[O],C=C(C)C=C(O)COO
C=C(CO[O])C(C)OO,C=C(COO)C(C)OO
C[CH]CCOC,CCCCOC
[O]C=C=O,O=C=CO
O=[C]C=O,O=CC=O
[CH]1COOCO1,C1COOCO1
C=C1COOC1[C](C)O,C=C1COOC1C(C)O
C=CC(O[O])C(C)=O,C=CC(OO)C(C)=O
[CH2]C(=C)C(C)CO,C=C(C)C(C)CO
C=C(C)C(=O)CO[O],C=C(C)C(=O)COO
O=C1[CH]OOC1,O=C1COOC1
[O]C1=COOC1,OC1=COOC1
O=CC1=CC(O)[CH]C1,O=CC1=CC(O)CC1
[CH2]C1OCOO1,CC1OCOO1
[CH2]C(=CO)C(=C)C=O,C=C(C=O)C(C)=CO
C=C([CH]O)C(=C)C=O,C=C(C=O)C(=C)CO
[CH2]C(C)O,CC(C)O
[CH2]C(C)COC,COCC(C)C
C=CO[C]=O,C=COC=O
C=C(C)C(O[O])C(=C)O,C=C(C)C(OO)C(=C)O
CC[CH]OC,CCCOC
[O]OC1CCO1,OOC1CCO1
[CH2]C1=COC=C1O,CC1=COC=C1O
C=C1[CH]OC=C1O,C=C1COC=C1O
CC1(O[O])CO1,CC1(OO)CO1
C[CH]C1OOC1=O,CCC1OOC1=O
[CH2]CC(C)(C)OO,CCC(C)(C)OO
CC(C)[C]=O,CC(C)C=O
[CH]=C(CO)C(C)=O,C=C(CO)C(C)=O
C[CH]CO,CCCO
[CH2]C(C)=COCC,CCOC=C(C)C
C=C(C)[CH]OCC,C=C(C)COCC
[CH2]C1=COCC1=CO,CC1=COCC1=CO
C=C1[CH]OCC1=CO,C=C1COCC1=CO
[CH2]C=C(C)O,CC=C(C)O
C=C[C](C)O,C=CC(C)O
[CH2]CCCOC,CCCCOC
[CH2]CC(OC)OO,CCC(OC)OO
O[C]1COC1,OC1COC1
C[CH]O,CCO
[CH2]OCCC,CCCOC
[CH2]C(=O)CC,CCC(C)=O
C=C([O])CC,C=C(O)CC
C=COCO[O],C=COCOO
C=C(O[O])C(C)=O,C=C(OO)C(C)=O
[CH2]C(C)=C(C)OC,COC(C)=C(C)C
C=C(C)[C](C)OC,C=C(C)C(C)OC
OC=[C]CO,OC=CCO
CCC1(C)OOC[C]1C,CCC1(C)OOCC1C
C=C=C[CH]OC(C)=O,C=C=CCOC(C)=O
C=[C]C=COC(C)=O,C=CC=COC(C)=O
O=C[CH]C1CC=CO1,O=CCC1CC=CO1
[O]C=CC1CC=CO1,OC=CC1CC=CO1
[O]OC1COOC1,OOC1COOC1
CCC[C]=O,CCCC=O
O=C[CH]CC=CC=O,O=CC=CCCC=O
[O]C=CCC=CC=O,O=CC=CCC=CO
[CH2]C1(CO)OO1,CC1(CO)OO1
[CH]=C(O)CO,C=C(O)CO
C=C(O)CC(=C)CO[O],C=C(O)CC(=C)COO
CC[CH]C=O,CCCC=O
CCC=C[O],CCC=CO
[CH2]C(C)C(C)OO,CC(C)C(C)OO
CC(C)[O],CC(C)O
C=C(C)C(C)(CC)O[O],C=C(C)C(C)(CC)OO
O=C1[CH]OC1,O=C1COC1
[O]C1=COC1,OC1=COC1
C=C(C)C(=C)COC(C)(C)[C](C)C,C=C(C)C(=C)COC(C)(C)C(C)C
CCCO[O],CCCOO
C=C[C](C)CO,C=CC(C)CO
[CH2]C=C(C)CO,CC=C(C)CO
C=CC(C)C(C)(C)O[O],C=CC(C)C(C)(C)OO
C=[C]OCO,C=COCO
CCC1(C)C[CH]COO1,CCC1(C)CCCOO1
C=CC(O)=CCO[O],C=CC(O)=CCOO
[CH2]C(=C=O)C(C)OO,CC(=C=O)C(C)OO
C=C([C]=O)C(C)OO,C=C(C=O)C(C)OO
[O]OC=CO,OC=COO
[CH2]C(C)(C)COO,CC(C)(C)COO
[CH2]C(C)OC,COC(C)C
CC1OOC[CH]C1(C)C,CC1OOCCC1(C)C
O[C]1CC1O,OC1CC1O
O=CC1[CH]C(O)C=C1,O=CC1C=CC(O)C1
C=CC(O)=CC[C]=O,C=CC(O)=CCC=O
C=C(C)C(=C)OC(C)(C)[C](C)C,C=C(C)C(=C)OC(C)(C)C(C)C
C=C1C(O[O])OC1(C)C,C=C1C(OO)OC1(C)C
C[CH]C=CO,CCC=CO
CC=C[CH]O,CC=CCO
C=C(O)[CH]C,C=C(O)CC
[CH2]C(O)=CC,CC=C(C)O
C[C]1CCC(=O)C1,CC1CCC(=O)C1
[CH2]C(=COC)CC,CCC(C)=COC
C=C([CH]OC)CC,C=C(CC)COC
[CH2]C12COOC1(C)COO2,CC12COOC1(C)COO2
C=CC1O[CH]C=CO1,C=CC1OC=CCO1
C=CCC(C)(CC)O[O],C=CCC(C)(CC)OO
O=CC1[CH]OC=CC1,O=CC1CC=COC1
[CH2]C(C)=CO,CC(C)=CO
C=C(C)[CH]O,C=C(C)CO
[O]OC1C=CCO1,OOC1C=CCO1
C[C](COO)C1(C)COO1,CC(COO)C1(C)COO1
C[CH]COC,CCCOC
C[CH]OC,CCOC
C[CH]C(C)C=O,CCC(C)C=O
[CH2]C(=C)C(C)(CC)OO,C=C(C)C(C)(CC)OO
C=CC=C(O)CO[O],C=CC=C(O)COO
[O]OC1C=CC(=O)C1,O=C1C=CC(OO)C1
O=C[CH]C1CO1,O=CCC1CO1
[O]C=CC1CO1,OC=CC1CO1
C=CC(C)(O[O])C(C)C,C=CC(C)(OO)C(C)C
C=C(C)[CH]CO,C=C(C)CCO
[CH2]C(C)=CCO,CC(C)=CCO
[CH2]C1OOC1O,CC1OOC1O
CC[CH]C(CC)OOC1C=CCCC1,CCCC(CC)OOC1C=CCCC1
C=CC(C)(C)C(C)O[O],C=CC(C)(C)C(C)OO
CC(C)C1(C)[CH]COO1,CC(C)C1(C)CCOO1
CCN(CC)[O],CCN(CC)O
CC[N+](CC)[O-],CC[NH+](CC)[O-]
[CH2]C#CCOC(C)=O,CC#CCOC(C)=O
C=C=[C]COC(C)=O,C=C=CCOC(C)=O
[CH2]CC(CC)OO,CCC(CC)OO
CCC[O],CCCO
C=CC[C](C)CCO,C=CCC(C)CCO
[O]OC1C=COC1,OOC1C=COC1
[CH2]C=C=COC(C)=O,CC=C=COC(C)=O
C=C[C]=COC(C)=O,C=CC=COC(C)=O
C=C1COOCC1(C)O[O],C=C1COOCC1(C)OO
[CH2]OCC,CCOC
[CH2]CCOC,CCCOC
[CH2]C(C)=O,CC(C)=O
C=C(C)[O],C=C(C)O
[CH2]OC=CC=O,COC=CC=O
C=C(O)C=CCO[O],C=C(O)C=CCOO
C=C(C=O)CO[O],C=C(C=O)COO
C=C(C)[C](C)C=O,C=C(C)C(C)C=O
[CH2]C(C)=C(C)C=O,CC(C)=C(C)C=O
C=C(C)C(C)=C[O],C=C(C)C(C)=CO
[CH2]C(C)(C)OO,CC(C)(C)OO
C=CC(C)OOC([CH]CC)CC,C=CC(C)OOC(CC)CCC
CC(=O)[C]1CO1,CC(=O)C1CO1
CC([O])=C1CO1,CC(O)=C1CO1
OC[C]1CO1,OCC1CO1
C=C(C)C(=C)OCO[O],C=C(C)C(=C)OCOO
C=C(C)O[C](C)C,C=C(C)OC(C)C
CC[C]=O,CCC=O
CC=C(C=O)O[O],CC=C(C=O)OO
[CH2]C=C(C)OC,CC=C(C)OC
C=C[C](C)OC,C=CC(C)OC
OC1[CH]O1,OC1CO1
[CH2]CC(C)=O,CCC(C)=O
C[C](C)COO,CC(C)COO
C[C]1COOC1(C)C,CC1COOC1(C)C
C[CH]C=O,CCC=O
CC=C[O],CC=CO
C[CH]C(C)OO,CCC(C)OO
[O]OC1COC1,OOC1COC1
OOC1[CH]COOC1,OOC1CCOOC1
C=CC(=O)CO[O],C=CC(=O)COO
O[C]1CO1,OC1CO1
[CH]=C(O)OC,C=C(O)OC
[CH2]C(=O)C(C=C)OO,C=CC(OO)C(C)=O
C=CC(OO)C(=C)[O],C=CC(OO)C(=C)O
CC12COOC[C]1COO2,CC12COOCC1COO2
[CH2]C(C)(C)OOC,COOC(C)(C)C
C[C]1CCC=CC1OOCC(C)C,CC(C)COOC1C=CCCC1C
[CH2]C1OOCC1=O,CC1OOCC1=O
CCC(C)=C(C)CO[O],CCC(C)=C(C)COO
[CH]1OCO1,C1OCO1
C=C(C)C(C)(C)O[O],C=C(C)C(C)(C)OO
CCO[O],CCOO
[O]C1COC1,OC1COC1
OCC1[CH]O1,OCC1CO1
OOC1C[CH]O1,OOC1CCO1
C=CC(O)(C=C)O[O],C=CC(O)(C=C)OO
[CH2]C1OOCC1OO,CC1OOCC1OO
[O]C1COOC1,OC1COOC1
[CH2]C=COC=CC=O,CC=COC=CC=O
C=C[CH]OC=CC=O,C=CCOC=CC=O
C=C(CO[O])COO,C=C(COO)COO
C=C1COOC1(C)CO[O],C=C1COOC1(C)COO
O[CH]C1COO1,OCC1COO1
OOC1[CH]CCCC1,OOC1CCCCC1
C[C]1COOC(C)C1,CC1COOC(C)C1
[CH2]C(C)(OC1=COC=C1C)C(=C)C,C=C(C)C(C)(C)OC1=COC=C1C
C=C[CH]COOCC(C)C,C=CCCOOCC(C)C
[CH2]C=CCOOCC(C)C,CC=CCOOCC(C)C
COOC[C](C)C,COOCC(C)C
[CH2]CO,CCO
CC1=C(CO[O])COOC1,CC1=C(COO)COOC1
CCC1(C)[CH]COOC1,CCC1(C)CCOOC1
[CH]=COCO,C=COCO
C[CH]C(C)OOC,CCC(C)OOC
CC1=CC(OOCC(C)C)[CH]CC1,CC1=CC(OOCC(C)C)CCC1
[CH2]C(=C=O)C=O,CC(=C=O)C=O
C=C([C]=O)C=O,C=C(C=O)C=O
CC1([O])COO1,CC1(O)COO1
OOCC1[CH]COO1,OOCC1CCOO1
C[C](C)C(C)(C)C,CC(C)C(C)(C)C
OC1[CH]C1O,OC1CC1O
C[C](C)C(C)(C)CC(C)=C(C)C,CC(C)=C(C)CC(C)(C)C(C)C
[O]OCC=CC=O,O=CC=CCOO
[CH2]C(C)=COC,COC=C(C)C
C=C(C)[CH]OC,C=C(C)COC
[CH2]C1(C(C)=O)OO1,CC(=O)C1(C)OO1
CC=CCOOC([CH]CC)CC,CC=CCOOC(CC)CCC
C[CH]C=COC,CCC=COC
CC=C[CH]OC,CC=CCOC
C=CC(CO[O])OO,C=CC(COO)OO
[CH2]C1(C)CC(C)OO1,CC1CC(C)(C)OO1
[CH2]C1CC1(C)CCO,CC1CC1(C)CCO
C=CC(O[O])C(=C)O,C=CC(OO)C(=C)O
C=CC(C)C(C)CO[O],C=CC(C)C(C)COO
[O]OCC=CCOO,OOCC=CCOO
OOC[C]1COOC1,OOCC1COOC1
C=CC(COO)O[O],C=CC(COO)OO
CCN(OCC(C=C)O[O])CC,CCN(OCC(C=C)OO)CC
[O]OC1CC=CC1=O,O=C1C=CCC1OO
C=CC(C)(CC)CO[O],C=CC(C)(CC)COO
C=CC(=CO)O[O],C=CC(=CO)OO
[CH2]C(=C)C(C)(C)OO,C=C(C)C(C)(C)OO
[CH2]CC(C)OO,CCC(C)OO
[O]CC=CC=O,O=CC=CCO
[O]CC1CO1,OCC1CO1
CO[C]=CO,COC=CO
[CH]1OC=CO1,C1=COCO1
O=C1[CH]OO1,O=C1COO1
[O]C1=COO1,OC1=COO1
[CH2]C1(C)OC1(C)C,CC1(C)OC1(C)C
C=CC([O])=C=O,C=CC(O)=C=O
C=CC(=O)[C]=O,C=CC(=O)C=O
C=C(C)CC(C)O[O],C=C(C)CC(C)OO
CC[O],CCO
[CH2]O,CO
OC1[CH]OO1,OC1COO1
[CH2]C(=C)CC(C)=O,C=C(C)CC(C)=O
CC1(C)OC=C1CO[O],CC1(C)OC=C1COO
C=C(C)C(C)[CH]OC,C=C(C)C(C)COC
O=C(OO)[C]1CC1,O=C(OO)C1CC1
[O]C(OO)=C1CC1,OOC(O)=C1CC1
C[CH]CCOO,CCCCOO
C=C[CH]C(C)=O,C=CCC(C)=O
[CH2]C=CC(C)=O,CC=CC(C)=O
C=CC=C(C)[O],C=CC=C(C)O
C=CC(C)(CC)O[O],C=CC(C)(CC)OO
[CH2]C(CC)OO,CCC(C)OO
[CH]1CCCO1,C1CCOC1
C[CH]CC=O,CCCC=O
C=CC(CCC(C=C)OO)O[O],C=CC(CCC(C=C)OO)OO
C=CC(O)[CH]C=C=O,C=CC(O)CC=C=O
C=CC(O)C=C[C]=O,C=CC(O)C=CC=O
[CH2]C(=C=O)COO,CC(=C=O)COO
C=C([C]=O)COO,C=C(C=O)COO
[CH2]C=CO,CC=CO
C=C[CH]O,C=CCO
C=C(C)C(CC)O[O],C=C(C)C(CC)OO
[CH2]C1OC1OO,CC1OC1OO
C=C(C)C(C)(C)[O],C=C(C)C(C)(C)O
C[C]=O,CC=O
O[C]1COO1,OC1COO1
[CH2]C1(OO)CO1,CC1(OO)CO1
[CH2]COC,CCOC
C=C[CH]CO,C=CCCO
[CH2]C=CCO,CC=CCO
CC1(C)OC2OOC[C]21,CC1(C)OC2OOCC21
C=C(C=O)[C](C)C,C=C(C=O)C(C)C
[CH2]C(C=O)=C(C)C,CC(C)=C(C)C=O
CC[CH]COO,CCCCOO
C[C](C)C1(C)CO1,CC(C)C1(C)CO1
C=CC(C)(C)CC[O],C=CC(C)(C)CCO
CC(C)=C(C)CO[O],CC(C)=C(C)COO
[O]OC1CO1,OOC1CO1
C=CC(C=O)O[O],C=CC(C=O)OO
CC(C)COOC1[CH]C=CC1,CC(C)COOC1CC=CC1
CC(C)COOC1C=C[CH]C1,CC(C)COOC1C=CCC1
C[CH]C(ON(CC)CC)C,CCC(ON(CC)CC)C
[CH2]C(C)COO,CC(C)COO
C=C(COO)[C](C)C,C=C(COO)C(C)C
[CH2]C(COO)=C(C)C,CC(C)=C(C)COO
C[CH]C(C)C(C)C,CCC(C)C(C)C
C[CH]C1(C=O)OO1,CCC1(C=O)OO1
[CH2]C(C)C=O,CC(C)C=O
C=C(C)[C](C)COO,C=C(C)C(C)COO
[CH2]C(C)=C(C)COO,CC(C)=C(C)COO
CC1=C(C)C(O[O])CC1,CC1=C(C)C(OO)CC1
OOC1[CH]CO1,OOC1CCO1
CC(C)=C(C)O[O],CC(C)=C(C)OO
C=[C]OC=O,C=COC=O
[O]OC1C=CCC1=O,O=C1CC=CC1OO
CCN(OCC=CCO[O])CC,CCN(OCC=CCOO)CC
[CH2]OC(C)=C(C)C,COC(C)=C(C)C
C=C(O)C(=C)O[O],C=C(O)C(=C)OO
O=C1[CH]C(OO)C=C1,O=C1C=CC(OO)C1
[O]C1=CC(OO)C=C1,OOC1C=CC(O)=C1
C[C]1OC1OO,CC1OC1OO
[CH2]CCCOO,CCCCOO
[CH2]CCC=O,CCCC=O
C=C(C)[CH]C(=C)O,C=C(C)CC(=C)O
[CH2]C(C)=CC(=C)O,C=C(O)C=C(C)C
[CH2]C(O)=CC(=C)C,C=C(C)C=C(C)O
[CH2]OC,COC
C=C(C)C(C)(C)C(C)(C)[C](C)C,C=C(C)C(C)(C)C(C)(C)C(C)C
CC1(OO)[CH]O1,CC1(OO)CO1
[CH]=COC=O,C=COC=O
C=C(C=O)O[O],C=C(C=O)OO
CC[CH]C(CC)OOC1C=CCC1,CCCC(CC)OOC1C=CCC1
CC1(C)CC1(C)O[O],CC1(C)CC1(C)OO
[CH2]C(=O)C=C(C)C,CC(=O)C=C(C)C
C=C([O])C=C(C)C,C=C(O)C=C(C)C
C=C(CO[O])C(C)C,C=C(COO)C(C)C
CC(C)=C(C)C[O],CC(C)=C(C)CO
CCN(OC1C=CC(C1)O[O])CC,CCN(OC1C=CC(C1)OO)CC
OOC1[CH]OC1,OOC1COC1
C=C[CH]OC,C=CCOC
[CH2]C=COC,CC=COC
C[C](C)C(C)=C=O,CC(=C=O)C(C)C
CC(C)=C(C)[C]=O,CC(C)=C(C)C=O
[CH2]C(=C)C(C)COO,C=C(C)C(C)COO
C[C](C)C(C)C,CC(C)C(C)C
[CH2]C(=C)C(C)=O,C=C(C)C(C)=O
C=CC(C)(C)O[O],C=CC(C)(C)OO
CO[O],COO
[CH2]C(C)OO,CC(C)OO
[O]OC1C=CCC1ON(CC)CC,OOC1C=CCC1ON(CC)CC
C=C1COOCC1O[O],C=C1COOCC1OO
[O]O,OO
C=C1OO[CH]C1=O,C=C1OOCC1=O
C=C1OOC=C1[O],C=C1OOC=C1O
C[CH]COO,CCCOO
O=[C]CC1OO1,O=CCC1OO1
C=C(C)C(C)O[O],C=C(C)C(C)OO
[O]OCC1=CCOOC1,OOCC1=CCOOC1
CC=CC(C)O[O],CC=CC(C)OO
[CH2]C=O,CC=O
C=C[O],C=CO
C[C]1COOC1C,CC1COOC1C
[CH2]C(=O)C1OO1,CC(=O)C1OO1
C=C([O])C1OO1,C=C(O)C1OO1
[CH]1C=COCC=CO1,C1=COCC=COC1
[CH]1C=COC=CCO1,C1=COC=CCOC1
C=C=C([O])OO,C=C=C(O)OO
C=[C]C(=O)OO,C=CC(=O)OO
C=C=CO[C](C)O,C=C=COC(C)O
[CH2]C=C(O)C=C,C=CC(O)=CC
C=C[C](O)C=C,C=CC(O)C=C
C[C](C)C1(C)OO1,CC(C)C1(C)OO1
[CH2]COOCC,CCOOCC
C=C([CH]C)C=O,C=C(C=O)CC
[CH2]C(C=O)=CC,CC=C(C)C=O
C[C]1CCOOC1,CC1CCOOC1
C=CC(=O)[CH]C1CO1,C=CC(=O)CC1CO1
C=CC([O])=CC1CO1,C=CC(O)=CC1CO1
[CH2]C(=C)C(C)OO,C=C(C)C(C)OO
[CH2]C(=O)CC(=C)C,C=C(C)CC(C)=O
C=C(C)CC(=C)[O],C=C(C)CC(=C)O
CCN(OC1C=CC(C1)[O])CC,CCN(OC1C=CC(C1)O)CC
CC(C)=CCO[O],CC(C)=CCOO
[CH2]C=C=C(O)C=O,CC=C=C(O)C=O
C=C[C]=C(O)C=O,C=CC=C(O)C=O
CCN(OC1CC=CC1[O])CC,CCN(OC1CC=CC1O)CC
C=C(C)CC[C]=O,C=C(C)CCC=O
C=CC1([CH]O)OO1,C=CC1(CO)OO1
C[CH]OO,CCOO
[CH2]CCOO,CCCOO
[CH2]C1(C)CCOO1,CC1(C)CCOO1
[CH2]CC=O,CCC=O
[CH2]CC(=C)O,C=C(O)CC
CC=C(C)CO[O],CC=C(C)COO
C=C[CH]C(=C)O,C=CCC(=C)O
[CH2]C=CC(=C)O,C=C(O)C=CC
[CH2]C(O)=CC=C,C=CC=C(C)O
C=C(C=O)[C]1CC1O,C=C(C=O)C1CC1O
[CH2]C(C=O)=C1CC1O,CC(C=O)=C1CC1O
C=CC(C)(C)C(C)(C)[C](C)C,C=CC(C)(C)C(C)(C)C(C)C
C=CC1OC1[CH]C=O,C=CC1OC1CC=O
C=CC1OC1C=C[O],C=CC1OC1C=CO
[CH2]C(=CO)C(=C)C,C=C(C)C(C)=CO
C=C(C)C(=C)[CH]O,C=C(C)C(=C)CO
[CH2]C1(C(=C)O)OO1,C=C(O)C1(C)OO1
[O]OCC1OO1,OOCC1OO1
C=CC(CC)O[O],C=CC(CC)OO
[O]C1COO1,OC1COO1
C=C(C)CCO[O],C=C(C)CCOO
C[C]1CCC1=O,CC1CCC1=O
CC1=C([O])CC1,CC1=C(O)CC1
C=CC[CH]O,C=CCCO
C=CC(=O)[CH]C,C=CC(=O)CC
C=CC([O])=CC,C=CC(O)=CC
[CH2]OC=CC(=O)C=C,C=CC(=O)C=COC
CC=C(C)O[O],CC=C(C)OO
[O]OC1C=CC(O)=C1,OOC1C=CC(O)=C1
C=C([CH]C)COO,C=C(CC)COO
[CH2]C(=CC)COO,CC=C(C)COO
[CH2]C(C=C)OOCC(C)C,C=CC(C)OOCC(C)C
CC(=O)[C]1OO1,CC(=O)C1OO1
CC([O])=C1OO1,CC(O)=C1OO1
[CH2]C1(C)OOC1(C)C,CC1(C)OOC1(C)C
COC=[C]C=O,COC=CC=O
COC=C=C[O],COC=C=CO
[O]OC1C=CC=C1O,OOC1C=CC=C1O
CCN(OC1=C[CH]CCC1)CC,CCN(OC1=CCCCC1)CC
CCN(O[C]1CCCC=C1)CC,CCN(OC1CCCC=C1)CC
C=C(C)COOC1(C)[CH]C=CCC1,C=C(C)COOC1(C)CC=CCC1
C=C(C)COOC1(C)C=C[CH]CC1,C=C(C)COOC1(C)C=CCCC1
CC[C](C)C,CCC(C)C
C=C(CC)CO[O],C=C(CC)COO
CC1(O[O])CC=CC1,CC1(OO)CC=CC1
CC(=C=O)O[O],CC(=C=O)OO
C=C[CH]C=O,C=CCC=O
[CH2]C=CC=O,CC=CC=O
C=CC=C[O],C=CC=CO
[CH2]C(=O)C=CC,CC=CC(C)=O
C=C([O])C=CC,C=C(O)C=CC
CC[CH]C(CC)OOC1CC=CC=C1C,CCCC(CC)OOC1CC=CC=C1C
C=CC1([CH]C=O)CO1,C=CC1(CC=O)CO1
C=CC1(C=C[O])CO1,C=CC1(C=CO)CO1
C=C(C)COOC1CC[CH]C=C1C,C=C(C)COOC1CCCC=C1C
C=C(C)COOC1CCC=C[C]1C,C=C(C)COOC1CCC=CC1C
C=C(C)COOC1[CH]C=C(C)CC1,C=C(C)COOC1CC=C(C)CC1
C=C(C)COOC1C=C[C](C)CC1,C=C(C)COOC1C=CC(C)CC1
CC1=CCC(O[O])C1,CC1=CCC(OO)C1
CC(C)=CO[O],CC(C)=COO
[CH2]C(=O)C(=C)C,C=C(C)C(C)=O
C=C(C)C(=C)[O],C=C(C)C(=C)O
[CH2]C(=C)CC(=C)O,C=C(C)CC(=C)O
O=C1[CH]C=CC1,O=C1CC=CC1
[O]C1=CC=CC1,OC1=CC=CC1
O=C1C=C[CH]C1,O=C1C=CCC1
[OH],O
[O]CC1COO1,OCC1COO1
C#CC(C)(O)O[O],C#CC(C)(O)OO
C=C1COOC1[O],C=C1COOC1O
C=C1OOCC1O[O],C=C1OOCC1OO
[CH2]C1(C=O)OO1,CC1(C=O)OO1
[O]OC=COO,OOC=COO
[CH]=C(O)OO,C=C(O)OO
[O]OC1C=CCCC1,OOC1C=CCCC1
OOC[C]1CO1,OOCC1CO1
[CH2]C(C)(C)C,CC(C)(C)C
C[CH]C(C)C,CCC(C)C
C=CC(=O)C=CC[O],C=CC(=O)C=CCO
C=C1C[C](C)CO1,C=C1CC(C)CO1
C=C([CH]C)OO,C=C(CC)OO
[CH2]C(=CC)OO,CC=C(C)OO
C=C(C)C[C]=O,C=C(C)CC=O
C=C(CC)O[O],C=C(CC)OO
C=C1CO[C](C)C1,C=C1COC(C)C1
[CH2]C(C)(OC(=C)C)C(=C)C,C=C(C)OC(C)(C)C(=C)C
[CH]=O,C=O
C=C(C)COOC1[CH]C(C)=CCC1,C=C(C)COOC1CCC=C(C)C1
C=C(C)COOC1C=C(C)[CH]CC1,C=C(C)COOC1C=C(C)CCC1
C=C[CH]CCC(C)C,C=CCCCC(C)C
[CH2]C=CCCC(C)C,CC=CCCC(C)C
CC[CH]C(CC)OOC1C=CCC(C)=C1,CCCC(CC)OOC1C=CCC(C)=C1
[CH2]C=CCC(N(CC)O)C,CC=CCC(N(CC)O)C
CC(N(CC)O)C[CH]C=C,CC(N(CC)O)CCC=C
[O]OC1=COC=C1,OOC1=COC=C1
C[C](C)C1(C)COO1,CC(C)C1(C)COO1
[CH2]C(C)(OO)C(=C)C,C=C(C)C(C)(C)OO
[CH2]C1(C)CC(=O)C1,CC1(C)CC(=O)C1
[CH2]C(=COC)C(=C)C,C=C(C)C(C)=COC
C=C(C)C(=C)[CH]OC,C=C(C)C(=C)COC
C=C=CO[CH]C(C)=O,C=C=COCC(C)=O
C=C=COC=C(C)[O],C=C=COC=C(C)O
CC=C[CH]ON(CC)CC,CC=CCON(CC)CC
C[CH]C=CON(CC)CC,CCC=CON(CC)CC
[CH2]COO,CCOO
[CH]1C=COC1,C1=COCC1
[CH]1C=CCO1,C1=CCOC1
C=CC(C)O[O],C=CC(C)OO
CC[CH]CC,CCCCC
C=C(C)COOCC1=C[CH]CCC1,C=C(C)COOCC1=CCCCC1
C=C(C)COOC[C]1C=CCCC1,C=C(C)COOCC1C=CCCC1
[CH2]C(O)C=C,C=CC(C)O
[O]OC1C=CC(=O)C=C1,O=C1C=CC(OO)C=C1
C[C]1CCO1,CC1CCO1
C=CC[CH]OC,C=CCCOC
CC=CCC([CH]CC)CC,CC=CCC(CC)CCC
O=C1C=[C]C=CO1,O=C1C=CC=CO1
O=C1C=C=C[CH]O1,O=C1C=C=CCO1
[CH2]COOC,CCOOC
C=C(C)CO[O],C=C(C)COO
OOC1[CH]O1,OOC1CO1
CC(C)COOC1[CH]CC=C1,CC(C)COOC1C=CCC1
C=C(C)C(C)(C)[C](C)C,C=C(C)C(C)(C)C(C)C
C[C](C)C,CC(C)C
CC=CC[C]=O,CC=CCC=O
C[CH]C1(C)OO1,CCC1(C)OO1
C=CC(=CC=O)C[O],C=CC(=CC=O)CO
[O]OCC1=CCOO1,OOCC1=CCOO1
[CH2]C(=C)C=O,C=C(C)C=O
C=C1[CH]OC1(C)C,C=C1COC1(C)C
[CH2]C1=COC1(C)C,CC1=COC1(C)C
C=C(C)[C](C)CC,C=C(C)C(C)CC
[CH2]C(C)=C(C)CC,CCC(C)=C(C)C
[CH2]C1(O)CC1,CC1(O)CC1
CCN([CH]C)O,CCN(CC)O
[CH2]C(C)CC,CCC(C)C
C=C1CCCC1O[O],C=C1CCCC1OO
CC=CCO[O],CC=CCOO
CC1[CH]COO1,CC1CCOO1
CC1OOC=C1O[O],CC1OOC=C1OO
C=CC(C)C([CH]CC)CC,C=CC(C)C(CC)CCC
CC(C)=[C]O,CC(C)=CO
[CH2]C1=C(C)COOC1,CC1=C(C)COOC1
C=C1COOC[C]1C,C=C1COOCC1C
C[C]1COOC1,CC1COOC1
C=C(C)COOC1[CH]C(=C)CCC1,C=C(C)COOC1CCCC(=C)C1
[CH2]C1=CC(OOCC(=C)C)CCC1,C=C(C)COOC1C=C(C)CCC1
C=C1CCC(O[O])C1,C=C1CCC(OO)C1
O[C]=COO,OC=COO
[CH]1CCOOC1,C1CCOOC1
[CH2]C(C=C)=CO,C=CC(C)=CO
C=CC(=C)[CH]O,C=CC(=C)CO
C=C(C)O[O],C=C(C)OO
C=C(C)C[O],C=C(C)CO
C=C[CH]COO,C=CCCOO
[CH2]C=CCOO,CC=CCOO
[CH2]C(=C)COO,C=C(C)COO
[O]C=C=CC=O,O=CC=C=CO
O=C[C]=CC=O,O=CC=CC=O
[CH2]C1CC1O,CC1CC1O
CC1=[C]OC=C1O,CC1=COC=C1O
[O]OCC1=CCCC1,OOCC1=CCCC1
[CH2]C(=C)C(=C)CO,C=C(C)C(=C)CO
C=CCCO[O],C=CCCOO
C=C=CO[CH]O,C=C=COCO
[CH2]C1CCOO1,CC1CCOO1
[O]C1CC1,OC1CC1
C[C](C)C1OO1,CC(C)C1OO1
CCN(O[O])CC,CCN(OO)CC
C=CC(O)[C]=CC=O,C=CC(O)C=CC=O
C=CC(C)[O],C=CC(C)O
[CH2]C1(C(C)C)COO1,CC(C)C1(C)COO1
C=CC(O)C=C=C[O],C=CC(O)C=C=CO
C=CC(O)C=[C]C=O,C=CC(O)C=CC=O
[O]OC1C=CC=CC1=O,O=C1C=CC=CC1OO
O[C]=CC=CC=CO,OC=CC=CC=CO
CC(C)CC1[CH]C=CC1,CC(C)CC1CC=CC1
CC(C)CC1C=C[CH]C1,CC(C)CC1C=CCC1
C[CH]CC,CCCC
CC1=CO[C]=C1O,CC1=COC=C1O
[CH]=C(O)CC,C=C(O)CC
OC1=CC=C[CH]1,OC1=CC=CC1
OC1=C[CH]C=C1,OC1=CCC=C1
O[C]1C=CC=C1,OC1C=CC=C1
[CH2]C(C)=C=O,CC(C)=C=O
C=C(C)[C]=O,C=C(C)C=O
[CH2]C1(CC)OO1,CCC1(C)OO1
[CH]1CCCCC1,C1CCCCC1
C=C1CCC(C)[C]1C,C=C1CCC(C)C1C
[CH2]C1=C(C)C(C)CC1,CC1=C(C)C(C)CC1
CC[C]=CO,CCC=CO
[CH2]C(C)C,CC(C)C
C=C=C(CO)O[O],C=C=C(CO)OO
[CH2]C(=O)C=C,C=CC(C)=O
C=CC(=C)[O],C=CC(=C)O
C=C(C)[C](C)C,C=C(C)C(C)C
[CH2]C(C)=C(C)C,CC(C)=C(C)C
CC(O[O])c1ccccc1,CC(OO)C1=CC=CC=C1
CC(O[O])C1=CC=CC=C1,CC(OO)C1=CC=CC=C1
OC1=C2[CH]OC1OOC2,OC1=C2COOC1OC2
O[C]1C2=COC1OOC2,OC1C2=COC1OOC2
O=C1[CH]CC=C1,O=C1C=CCC1
[O]C1=CCC=C1,OC1=CCC=C1
[CH]=CC(O)C=CC=O,C=CC(O)C=CC=O
OOC1[CH]C=CC1,OOC1CC=CC1
OOC1C=C[CH]C1,OOC1C=CCC1
CC1(C)[CH]O1,CC1(C)CO1
CC(O)=C[C]1CC1,CC(O)=CC1CC1
C[C](O)C=C1CC1,CC(O)C=C1CC1
CCN(OC[CH]C=C)CC,CCN(OCCC=C)CC
[CH2]C=CCON(CC)CC,CC=CCON(CC)CC
[O]OC1C=CCC1,OOC1C=CCC1
C=C=C(O)O[O],C=C=C(O)OO
[CH2]C(C=C)=COC,C=CC(C)=COC
C=CC(=C)[CH]OC,C=CC(=C)COC
[CH2]CC(=O)C=C,C=CC(=O)CC
CCN(OC1=C[CH]CC1)CC,CCN(OC1=CCCC1)CC
CCN(O[C]1CCC=C1)CC,CCN(OC1CCC=C1)CC
CC=C1O[C]1OC,CC=C1OC1OC
C[CH]C1=C(OC)O1,CCC1=C(OC)O1
C[C]1C(=O)C2OC12,CC1C(=O)C2OC12
CC1=C([O])C2OC12,CC1=C(O)C2OC12
[CH2]CCC,CCCC
C=C[C](C)CC,C=CC(C)CC
[CH2]C=C(C)CC,CC=C(C)CC
C=CC[C]=O,C=CCC=O
C=C(C)C(=C)C(C)O[O],C=C(C)C(=C)C(C)OO
O=C[C]1OO1,O=CC1OO1
[O]C=C1OO1,OC=C1OO1
O=C=C[C]=CO,O=C=CC=CO
O=[C]C=C=CO,O=CC=C=CO
CC1(C)C[C]1C=O,CC1(C)CC1C=O
CC1(C)CC1=C[O],CC1(C)CC1=CO
[CH2]C=CCCC(C=C)OO,C=CC(CCC=CC)OO
C=C[CH]CCC(C=C)OO,C=CCCCC(C=C)OO
[O]OCC1=COC1,OOCC1=COC1
[CH2]C1CCO1,CC1CCO1
[CH]=CC(=O)C=O,C=CC(=O)C=O
[CH2]CN(CC)O,CCN(CC)O
C[C]=CC(C)=O,CC=CC(C)=O
C=C(C)[CH]CC,C=C(C)CCC
[CH2]C(C)=CCC,CCC=C(C)C
CC1[CH]CO1,CC1CCO1
CC[CH]C(CC)C1C=CCC1,CCCC(CC)C1C=CCC1
[CH2]C(C)(OC(=C)C1OO1)C(=C)C,C=C(OC(C)(C)C(=C)C)C1OO1
C=CC(C)(O[O])C(=C)C,C=CC(C)(OO)C(=C)C
OOC[C]1OO1,OOCC1OO1
C[C]1C=CCCC1,CC1C=CCCC1
CC1=C[CH]CCC1,CC1=CCCCC1
C[CH]C,CCC
[CH2]C(=C)C(C)C,C=C(C)C(C)C
[CH]=C(C)O,C=C(C)O
CC=[C]O,CC=CO
C=CCO[O],C=CCOO
C=C(C)C(C)=CCO[O],C=C(C)C(C)=CCOO
[CH2]OC=C,C=COC
C=CC(C)=C(C)CO[O],C=CC(C)=C(C)COO
C#CC(O)O[O],C#CC(O)OO
C=C=CO[CH]C=O,C=C=COCC=O
C=C=COC=C[O],C=C=COC=CO
C[C]=CO,CC=CO
[CH2]C1(C)OO1,CC1(C)OO1
C=C[CH]CC1CC(C)=CCC1C,C=CCCC1CC(C)=CCC1C
[CH2]C=CCC1CC(C)=CCC1C,CC=CCC1CC(C)=CCC1C
C[C]=C(C)C=O,CC=C(C)C=O
[CH2]C1=CCOOC1,CC1=CCOOC1
C=C1[CH]COOC1,C=C1CCOOC1
[CH]=C(C)C(C)=O,C=C(C)C(C)=O
[CH]1COOC1,C1COOC1
CC1OOC=[C]C1=O,CC1OOC=CC1=O
CC1OOC=C=C1[O],CC1OOC=C=C1O
CC1[CH]C=CCC1,CC1CC=CCC1
CC1C=C[CH]CC1,CC1C=CCCC1
CCN(OC1CC=C[CH]1)CC,CCN(OC1CC=CC1)CC
CCN(OC1C[CH]C=C1)CC,CCN(OC1CCC=C1)CC
[CH2]C=C=O,CC=C=O
C=C[C]=O,C=CC=O
[CH]1CC=CO1,C1=COCC1
[O]OC1=COOC1,OOC1=COOC1
OC1=CO[C]=C1,OC1=COC=C1
C=C[CH]COOC(C)C=C,C=CCCOOC(C)C=C
[CH2]C=CCOOC(C)C=C,C=CC(C)OOCC=CC
C=C[C](C)C,C=CC(C)C
[CH2]C=C(C)C,CC=C(C)C
[CH]1CCO1,C1COC1
[O]OC1C=CCCC1C1C=CCC1,OOC1C=CCCC1C1C=CCC1
OOC1[CH]CCC=C1,OOC1C=CCCC1
CCC1[CH]O1,CCC1CO1
CC[N]CC,CCNCC
CC(=O)[C]1CC1,CC(=O)C1CC1
CC([O])=C1CC1,CC(O)=C1CC1
[CH2]CC,CCC
C=CC1C=CC(O[O])COO1,C=CC1C=CC(OO)COO1
[CH2]C1(C)CC(=C)OO1,C=C1CC(C)(C)OO1
C=C(C)C(=C)C[C]=O,C=C(C)C(=C)CC=O
C=[C]C(C)(C)OO,C=CC(C)(C)OO
[CH]1COOC12COO2,C1CC2(COO2)OO1
C[CH]C=CC,CC=CCC
[CH]1C2CCC1C1CCC=CC1OO2,C1=CC2OOC3CCC(C3)C2CC1
OC1[C]=COO1,OC1C=COO1
[CH2]CC(=C)OO,C=C(CC)OO
[CH2]C1(C)CC(=C)O1,C=C1CC(C)(C)O1
[CH2]C(C=C)OO,C=CC(C)OO
C=C1OC[C]1C,C=C1OCC1C
[CH2]C1=C(C)CO1,CC1=C(C)OC1
C=C(C)CC1[CH]C=C(C)CC1,C=C(C)CC1CC=C(C)CC1
C=C(C)CC1C=C[C](C)CC1,C=C(C)CC1C=CC(C)CC1
CCN(OC1=CC=C[CH]C1)CC,CCN(OC1=CC=CCC1)CC
CCN(OC1=C[CH]C=CC1)CC,CCN(OC1=CCC=CC1)CC
CCN(O[C]1CC=CC=C1)CC,CCN(OC1CC=CC=C1)CC
C=C(C)CC1CCC=C[C]1C,C=C(C)CC1CCC=CC1C
C=C(C)CC1CC[CH]C=C1C,C=C(C)CC1CCCC=C1C
C=C(C)[CH]C,C=C(C)CC
[CH2]C(C)=CC,CC=C(C)C
C=CO[O],C=COO
[CH2]C=CCC(CON(CC)CC)C=C,CC=CCC(CON(CC)CC)C=C
CCN(OCC(C[CH]C=C)C=C)CC,CCN(OCC(CCC=C)C=C)CC
[CH]=C1OOC(C)C1=O,C=C1OOC(C)C1=O
C=C1C[C](C)COO1,C=C1CC(C)COO1
CC(N(CC)O)C(C=C)[CH2],CC(N(CC)O)C(C=C)C
[CH2]C(C=C)CC(C)C,C=CC(C)CC(C)C
[CH2]C(C)(OC(=C)C(=C)C)C(=C)C,C=C(C)C(=C)OC(C)(C)C(=C)C
O[C]1CC1,OC1CC1
[CH2]C=CCCC=CCON(CC)CC,CC=CCCC=CCON(CC)CC
C=C[CH]CCC=CCON(CC)CC,C=CCCCC=CCON(CC)CC
[CH]1C=CCC1OOC1C=CCCC1,C1=CC(OOC2CC=CC2)CCC1
[CH]1C=CC(OOC2C=CCCC2)C1,C1=CC(OOC2C=CCC2)CCC1
C=C(C)CC1[CH]C(C)=CCC1,C=C(C)CC1CCC=C(C)C1
C=C(C)CC1C=C(C)[CH]CC1,C=C(C)CC1C=C(C)CCC1
CC1(O[O])C=CC=CC1,CC1(OO)C=CC=CC1
CC1=CC=CC(O[O])C1,CC1=CC=CC(OO)C1
C=CC(=C)C(C)O[O],C=CC(=C)C(C)OO
CC1=CC=CCC1O[O],CC1=CC=CCC1OO
[O]OC1CC1,OOC1CC1
C=[C]CO,C=CCO
C=CC(C)[C](C)C,C=CC(C)C(C)C
[O]OCc1ccccc1,OOCC1=CC=CC=C1
[O]OCC1=CC=CC=C1,OOCC1=CC=CC=C1
C=C(C)CC[C]1C=CCCC1,C=C(C)CCC1C=CCCC1
C=C(C)CCC1=C[CH]CCC1,C=C(C)CCC1=CCCCC1
C=C1[CH]C=CC1=O,C=C1CC=CC1=O
[CH2]C1=CC=CC1=O,CC1=CC=CC1=O
C=C1C=C[CH]C1=O,C=C1C=CCC1=O
C=C1C=CC=C1[O],C=C1C=CC=C1O
C=CC1CC2([CH]C=CCC2)OO1,C=CC1CC2(CC=CCC2)OO1
C=CC1CC2(C=C[CH]CC2)OO1,C=CC1CC2(C=CCCC2)OO1
C=C[CH]CC,C=CCCC
[CH2]C=CCC,CC=CCC
C[C]1CO1,CC1CO1
C=C(C)CC1[CH]C=CC(C)C1,C=C(C)CC1CC=CC(C)C1
C=C(C)CC1C=C[CH]C(C)C1,C=C(C)CC1C=CCC(C)C1
C=CC(C)OOC1[CH]C=CC1,C=CC(C)OOC1CC=CC1
C=CC(C)OOC1C=C[CH]C1,C=CC(C)OOC1C=CCC1
CCC#C[O],CCC#CO
CC[C]=C=O,CCC=C=O
C=C(C)C(=C)CO[O],C=C(C)C(=C)COO
C=C(C)CC1[CH]C=CCC1C,C=C(C)CC1CC=CCC1C
C=C(C)CC1C=C[CH]CC1C,C=C(C)CC1C=CCCC1C
C=CC([O])=C=CC=O,C=CC(O)=C=CC=O
C=CC(=O)[C]=CC=O,C=CC(=O)C=CC=O
C=C(C)CC(=C)O[O],C=C(C)CC(=C)OO
C=[C]O,C=CO
[CH2]C(=C)CC,C=C(C)CC
CC1=CC(O[O])C=CC1,CC1=CC(OO)C=CC1
C=C(C)CC1(C)[CH]C=CCC1,C=C(C)CC1(C)CC=CCC1
C=C(C)CC1(C)C=C[CH]CC1,C=C(C)CC1(C)C=CCCC1
C=CC(C)(C)[CH]C,C=CC(C)(C)CC
[CH2]C1OOC1C,CC1OOC1C
C=C1C=CC(O[O])CC1,C=C1C=CC(OO)CC1
C=CC(=CC)CO[O],C=CC(=CC)COO
O=C1[C]=COO1,O=C1C=COO1
[O]C1=C=COO1,OC1=C=COO1
C=C(C)COOC1[CH]C=CC1,C=C(C)COOC1CC=CC1
C=C(C)COOC1C=C[CH]C1,C=C(C)COOC1C=CCC1
C=C(C)[C]1CC1O,C=C(C)C1CC1O
[CH2]C(C)=C1CC1O,CC(C)=C1CC1O
CC1C[C]1C=O,CC1CC1C=O
CC1CC1=C[O],CC1CC1=CO
CCN(OC1=C[CH]CC=C1)CC,CCN(OC1=CCCC=C1)CC
CCN(O[C]1C=CCC=C1)CC,CCN(OC1C=CCC=C1)CC
[CH2]C1(C)COO1,CC1(C)COO1
C=C(O[O])C1OO1,C=C(OO)C1OO1
[CH2]CC(C)=C(C)C,CCC(C)=C(C)C
C#CC(=O)C(C)O[O],C#CC(=O)C(C)OO
C=C=C(C)[O],C=C=C(C)O
C=[C]C(C)=O,C=CC(C)=O
C=CC[C](C)CC,C=CCC(C)CC
C[CH2],CC
[CH2]C1(C)OOCC1=C,C=C1COOC1(C)C
CC1[CH]O1,CC1CO1
[CH2]CC=COO,CCC=COO
C=C1CCC1(C)O[O],C=C1CCC1(C)OO
C=C1C=CCCC1C([CH]CC)CC,C=C1C=CCCC1C(CC)CCC
CC1=CCC(C)[CH]C1,CC1=CCC(C)CC1
[CH]=CCO,C=CCO
[CH2]CC1=C(C)COO1,CCC1=C(C)COO1
[CH2]C1=CC(CC(=C)C)CCC1,C=C(C)CC1C=C(C)CCC1
C=C(C)CC1[CH]C(=C)CCC1,C=C(C)CC1CCCC(=C)C1
CC[CH]C(CC)C1C=CC=C(C)C1,CCCC(CC)C1C=CC=C(C)C1
CC(C)CC1[CH]CC=C1,CC(C)CC1C=CCC1
[CH]1COC1,C1COC1
C=CC(C)(C=C)O[O],C=CC(C)(C=C)OO
C[C](C)C1(C)CC1,CC(C)C1(C)CC1
[CH2]C1C(C)C1(C)C,CC1C(C)C1(C)C
[CH2]C1CC(=C)COO1,C=C1COOC(C)C1
C=C1[CH]COO1,C=C1CCOO1
[CH2]C1=CCOO1,CC1=CCOO1
C[CH]C(C)OOC1C=CCC=C1,CCC(C)OOC1C=CCC=C1
C=C(C)C(=C)C[O],C=C(C)C(=C)CO
[CH2]CC(C)(C)C=C,C=CC(C)(C)CC
[CH]1C=CCCC1,C1=CCCCC1
C[CH]C1COO1,CCC1COO1
C=CC(=C=O)O[O],C=CC(=C=O)OO
CC[CH]C(CC)C1C=C(C)C=CC1,CCCC(CC)C1C=C(C)C=CC1
C[C]1C=CCC1,CC1C=CCC1
CC1=C[CH]CC1,CC1=CCCC1
CC[CH]C(CC)CC1=CCCC=C1,CCCC(CC)CC1=CCCC=C1
CC[CH]C(CC)OOC1C=CC=C1,CCCC(CC)OOC1C=CC=C1
C=C=C(C)O[C](C)C,C=C=C(C)OC(C)C
O=C1[CH]C2OC12,O=C1CC2OC12
[O]C1=CC2OC12,OC1=CC2OC12
[CH2]C(C)(C=C)CC,C=CC(C)(C)CC
[CH2]C1CC1(C)CC,CCC1(C)CC1C
[CH]=CC(C)=O,C=CC(C)=O
CC[CH]C(CC)OOC1C=CC(C2C=CCC=C2)C1,CCCC(CC)OOC1C=CC(C2C=CCC=C2)C1
OOC1[CH]CC=C1,OOC1C=CCC1
CC[CH]C(CC)OOC1C=CCC1C1C=CCC=C1,CCCC(CC)OOC1C=CCC1C1C=CCC=C1
[CH]=CO,C=CO
C=C(C)C(=C)O[O],C=C(C)C(=C)OO
[CH2]C(C)C(C)C=C,C=CC(C)C(C)C
[O]OC1C=CC(OOC2C=CCC=C2)C1,OOC1C=CC(OOC2C=CCC=C2)C1
C=[C]OC,C=COC
C=C(C=CC)O[O],C=C(C=CC)OO
[O]OCC1=CC=CCC1,OOCC1=CC=CCC1
C=C[CH]C,C=CCC
[CH2]C=CC,CC=CC
OC1[CH]C1,OC1CC1
[CH2]C(=C)C,C=C(C)C
[CH]1CCC=CC1OOC1C=CCCC1,C1=CC(OOC2C=CCCC2)CCC1
C#C[C](C)O,C#CC(C)O
[CH]=C=C(C)O,C=C=C(C)O
CC=C=C[O],CC=C=CO
CC=[C]C=O,CC=CC=O
C[C]=CC=O,CC=CC=O
C=CCC(=C)CO[O],C=CCC(=C)COO
[CH2]C12COOC1(C)C2,CC12COOC1(C)C2
C=C(C)C[CH]C,C=C(C)CCC
C=CC(C)OOC1[CH]CCC=C1,C=CC(C)OOC1C=CCCC1
[CH2]C1(C)OCC1=C,C=C1COC1(C)C
[CH2]C1(CC(=C)C)OO1,C=C(C)CC1(C)OO1
O=C1[C]=COOC1,O=C1C=COOC1
[O]C1=C=COOC1,OC1=C=COOC1
C=CC(=C)C[C]=O,C=CC(=C)CC=O
CCN(OC(C=C)[CH2])CC,CCN(OC(C=C)C)CC
[CH2]C(=C)C(=C)OO,C=C(C)C(=C)OO
C=C[C](C)C(=C)C,C=CC(C)C(=C)C
[CH2]C=C(C)C(=C)C,C=C(C)C(C)=CC
[CH2]C(C)=C(C)C=C,C=CC(C)=C(C)C
C=C1[CH]CCC1,C=C1CCCC1
[CH2]C1=CCCC1,CC1=CCCC1
CC1=C(CO[O])CC1,CC1=C(COO)CC1
CC=CC[C]1C=CCCC1,CC=CCC1C=CCCC1
CC=CCC1=C[CH]CCC1,CC=CCC1=CCCCC1
C=C(C)C1(O[O])CC1,C=C(C)C1(OO)CC1
C=[C]C(C)OO,C=CC(C)OO
[CH2]C1(C2OO2)OO1,CC1(C2OO2)OO1
[CH2]C1C=C(O)C1,CC1C=C(O)C1
[CH]1C=CCCC1C1C=CCCC1,C1=CC(C2CC=CCC2)CCC1
[CH]1C=CC(C2C=CCCC2)CC1,C1=CC(C2C=CCCC2)CCC1
[CH3],C
C#CC(=O)C[C]=O,C#CC(=O)CC=O
[CH2]C1CC=C1O,CC1CC=C1O
C=C1[CH]CO1,C=C1CCO1
[CH2]C1=CCO1,CC1=CCO1
[CH2]C1OO1,CC1OO1
C=C1[CH]OC1,C=C1COC1
[CH2]C1=COC1,CC1=COC1
[CH2]C(C)C(=C)C,C=C(C)C(C)C
[CH2]C1(C)CC1=O,CC1(C)CC1=O
C=CC=CCO[O],C=CC=CCOO
O=C[C]1CC1,O=CC1CC1
[O]C=C1CC1,OC=C1CC1
C=CC(=C)CO[O],C=CC(=C)COO
[CH]=C1OOCC1=O,C=C1OOCC1=O
[CH2]C=C1CC1O,CC=C1CC1O
C=C[C]1CC1O,C=CC1CC1O
[CH2]C(O)=C=C,C=C=C(C)O
C=[C]C(=C)O,C=CC(=C)O
C=C[C](C)CC=CC,C=CC(C)CC=CC
[CH2]C=C(C)CC=CC,CC=CCC(C)=CC
[O]OC1C=CC=CC1,OOC1C=CC=CC1
C#CC(O)=CCO[O],C#CC(O)=CCOO
[CH]=COC,C=COC
[CH]1C2CC=CC1OOC2,C1=CC2CC(C1)COO2
CC1[CH]CCC=CC1,CC1CC=CCCC1
[CH2]C(C=C)OOC1C=CCCC1,C=CC(C)OOC1C=CCCC1
C#CC(=O)O[O],C#CC(=O)OO
[CH2]C1(C)CC1C,CC1CC1(C)C
[O]OC1C=CCC=C1,OOC1C=CCC=C1
CC=CCCC1=CCC(C)[CH]C1,CC=CCCC1=CCC(C)CC1
[CH2]C=C=CO,CC=C=CO
C=C[C]=CO,C=CC=CO
C=C=C(C=O)O[O],C=C=C(C=O)OO
C=C1C=CC(O[O])C1,C=C1C=CC(OO)C1
C=C1OOC=C1O[O],C=C1OOC=C1OO
[CH2]C(C=C)OOC(C)C=C,C=CC(C)OOC(C)C=C
[CH2]C1CC12COOC2,CC1CC12COOC2
[CH2]C=CCC1C=CCCC1,CC=CCC1C=CCCC1
C=C[CH]CC1C=CCCC1,C=CCCC1C=CCCC1
CC1=CC=C[CH]C1,CC1=CC=CCC1
CC1=C[CH]C=CC1,CC1=CCC=CC1
C[C]1C=CC=CC1,CC1C=CC=CC1
C#CC(=O)CO[O],C#CC(=O)COO
CC[CH]C(CC)C1C=CC=CC1,CCCC(CC)C1C=CC=CC1
C1O[C]1C1OO1,C1OC1C1OO1
C=CC(=C)[C]=O,C=CC(=C)C=O
[CH2]C(=C=O)C=C,C=CC(C)=C=O
[O]OCC1=CC=CC1,OOCC1=CC=CC1
[CH]1CO1,C1CO1
[O]OCC=C=C=O,O=C=C=CCOO
[CH2]C1COO1,CC1COO1
C=C[CH]CCC(=C)C,C=CCCCC(=C)C
[CH2]C=CCCC(=C)C,C=C(C)CCC=CC
[CH2]C1OOCC1=C,C=C1COOC1C
C=C(C)[C](C)CCC(=C)C(=C)C,C=C(C)C(=C)CCC(C)C(=C)C
[CH2]C(C)=C(C)CCC(=C)C(=C)C,C=C(C)C(=C)CCC(C)=C(C)C
CC1=C[CH]CC=C1,CC1=CCCC=C1
C[C]1C=CCC=C1,CC1C=CCC=C1
[CH2]C=C,C=CC
CC1=CC=CC[CH]1,CC1=CC=CCC1
CC1=CCC=C[CH]1,CC1=CCC=CC1
CC1=CC[CH]C=C1,CC1=CCCC=C1
[CH]1C=CCC1,C1=CCCC1
C=C[C](C)C=C,C=CC(C)C=C
[CH2]C=C(C)C=C,C=CC(C)=CC
[CH2]C=CCCC=CC,CC=CCCC=CC
C=C[CH]CCC=CC,C=CCCCC=CC
[CH]1CC2C=CC1OOC2,C1=CC2CCC1COO2
[CH2]C1(C(=C)C)OO1,C=C(C)C1(C)OO1
C=CC(=C)O[O],C=CC(=C)OO
[CH2]C#CCO,CC#CCO
C=C=[C]CO,C=C=CCO
C=C[CH]C(=C)C,C=CCC(=C)C
[CH2]C=CC(=C)C,C=C(C)C=CC
[CH2]C(C)=CC=C,C=CC=C(C)C
[CH]1CC=CC1OOC1C=CCCC1,C1=CC(OOC2C=CCC2)CCC1
C=[C]COC(=C)C,C=CCOC(=C)C
C=C(C)CC1[CH]CCC(C)=C1,C=C(C)CC1C=C(C)CCC1
[O]OCC#CC=O,O=CC#CCOO
[O]OC1CC1=C=O,O=C=C1CC1OO
CC=CCC1=CC(O[O])C=CC1,CC=CCC1=CC(OO)C=CC1
[O]OC=C=C=O,O=C=C=COO
[CH2]CC(=C)C,C=C(C)CC
C#C[CH]CO,C#CCCO
[CH]=C=CCO,C=C=CCO
C=CC(C)OOC1[CH]CC=C1,C=CC(C)OOC1C=CCC1
C=C(C)C(=C)[CH]C,C=C(C)C(=C)CC
[CH2]C(=CC)C(=C)C,C=C(C)C(C)=CC
C=CC1C=C[CH]COO1,C=CC1C=CCCOO1
C=CC1[CH]C=CCOO1,C=CC1CC=CCOO1
C=C(C)CC1C=CCC[C]1C,C=C(C)CC1C=CCCC1C
[CH]1CCC=CC1OOC1C=CCC1,C1=CC(OOC2C=CCC2)CCC1
Oc1cc[c]cc1,OC1=CC=CC=C1
OC1=CC=[C]C=C1,OC1=CC=CC=C1
[CH2]c1cccc(C)c1,CC1=CC=CC(C)=C1
C=C1[CH]C=CC(C)=C1,C=C1C=C(C)C=CC1
C=C1C=C[CH]C(C)=C1,C=C1C=CCC(C)=C1
C=C1[CH]C(C)=CC=C1,C=C1C=CC=C(C)C1
[CH2]C1=CC=CC(C)=C1,CC1=CC=CC(C)=C1
C=C1CC=CC1O[O],C=C1CC=CC1OO
C=CC[CH]C,C=CCCC
[CH2]C1C=CCCC1,CC1C=CCCC1
O1[C]2OC12,O1C2OC12
C[CH]c1ccccc1,CCC1=CC=CC=C1
CC=C1[CH]C=CC=C1,CC=C1C=CC=CC1
CC=C1C=C[CH]C=C1,CC=C1C=CCC=C1
C[CH]C1=CC=CC=C1,CCC1=CC=CC=C1
C[C]=COO,CC=COO
[CH2]CC=CC,CC=CCC
[C]1=COC=CO1,C1=COC=CO1
C=C(C)CC1[CH]CCC=C1C,C=C(C)CC1CCCC=C1C
[CH]=C=O,C=C=O
C#C[O],C#CO
C=CC=[C]O,C=CC=CO
C1=CC2CC[C]1COO2,C1=CC2CCC1COO2
[CH]1C=C2CCC1OOC2,C1=C2CCC(C1)OOC2
C#C[CH]O,C#CCO
[CH]=C=CO,C=C=CO
[CH2]C(C)C=C,C=CC(C)C
C=C(C)CC1(C)[CH]CCC=C1,C=C(C)CC1(C)C=CCCC1
[CH2]C1CC1=O,CC1CC1=O
[O]OC1=CC=CC1,OOC1=CC=CC1
CC=CCC1=C[CH]CC1,CC=CCC1=CCCC1
CC=CC[C]1C=CCC1,CC=CCC1C=CCC1
C[C]1CC1(C)C,CC1CC1(C)C
CC1=CC[CH]C1,CC1=CCCC1
C=[C]COO,C=CCOO
C=C=CC(C)O[O],C=C=CC(C)OO
[CH2]C1(C)CC1,CC1(C)CC1
C[C]1CC=CC1,CC1CC=CC1
C#CC(C)(C)O[O],C#CC(C)(C)OO
C=C1[CH]C=CCC1,C=C1CC=CCC1
[CH2]C1=CC=CCC1,CC1=CC=CCC1
C=C1C=C[CH]CC1,C=C1C=CCCC1
[CH2]C1CC1C,CC1CC1C
C=C(C)CC1C=C[CH]C1,C=C(C)CC1C=CCC1
C=C(C)CC1[CH]C=CC1,C=C(C)CC1CC=CC1
CC=CCCC1[CH]CCC=CC1,CC=CCCC1CC=CCCC1
C[CH]C1CC1,CCC1CC1
C=C[C](CC=CC)CC(C)C=C,C=CC(C)CC(C=C)CC=CC
[CH2]C=C(CC=CC)CC(C)C=C,C=CC(C)CC(=CC)CC=CC
C=C[C](CC=CC)CCC=CC,C=CC(CC=CC)CCC=CC
[CH2]C=C(CC=CC)CCC=CC,CC=CCCC(=CC)CC=CC
[CH]=C(C)C(C)C,C=C(C)C(C)C
[CH]1COO1,C1COO1
C=C=C(C)C(C)(C)[C](C)C,C=C=C(C)C(C)(C)C(C)C
[CH]=C(O)C=C,C=CC(=C)O
[O]OC(=O)C1=CC1,O=C(OO)C1=CC1
C[C]=C(C)C,CC=C(C)C
[CH2]C=CCCC=C(C)CC=CC,CC=CCCC=C(C)CC=CC
C=C[CH]CCC=C(C)CC=CC,C=CCCCC=C(C)CC=CC
CC(C)=C=CO[O],CC(C)=C=COO
C=C=C(C)CO[O],C=C=C(C)COO
[CH]=CCOO,C=CCOO
C=C[CH]CCC=CCC1C=CCCC1,C=CCCCC=CCC1C=CCCC1
[CH2]C=CCCC=CCC1C=CCCC1,CC=CCCC=CCC1C=CCCC1
CC[CH]C(CC)C1C=CC=C1,CCCC(CC)C1C=CC=C1
[CH2]C=C=CC=O,CC=C=CC=O
C=C[C]=CC=O,C=CC=CC=O
O=CC1=[C]COO1,O=CC1=CCOO1
C#C[CH]OC,C#CCOC
[CH]=C=COC,C=C=COC
C=C=CC([O])C=CC=O,C=C=CC(O)C=CC=O
C=[C]C1(C=O)OO1,C=CC1(C=O)OO1
C=C[CH]C=C,C=CCC=C
[CH2]C=CC=C,C=CC=CC
C=C=CCC(C)(O[O])C(=C)C,C=C=CCC(C)(OO)C(=C)C
C=CCCC(C=C)C[CH]C=CC,C=CCCC(C=C)CCC=CC
C=CCCC(C=C)CC=C[CH]C,C=CCCC(C=C)CC=CCC
[CH2]C=CCCC=CCCC=CC,CC=CCCC=CCCC=CC
C=C[CH]CCC=CCCC=CC,C=CCCCC=CCCC=CC
C=C1C[CH]CC1,C=C1CCCC1
[CH]1C=CCC=C1,C1=CCC=CC1
[CH]1C=CC=CC1,C1=CCCC=C1
[CH2]OC(C)=C=C,C=C=C(C)OC
C=C[CH]CC(C=C)CCC=CC,C=CCCC(C=C)CCC=CC
[CH2]C=CCC(C=C)CCC=CC,C=CC(CC=CC)CCC=CC
CC=[C]CC,CC=CCC
C#CC(CC)O[O],C#CC(CC)OO
[CH2]C(=C)C(=C)C,C=C(C)C(=C)C
C=CC(=C)[CH]C,C=CC(=C)CC
[CH2]C(C=C)=CC,C=CC(C)=CC
C=CC=CC(=C)CO[O],C=CC=CC(=C)COO
C[C]=CCC,CC=CCC
C#C[C](O)C=C,C#CC(O)C=C
[CH]=C=C(O)C=C,C=C=C(O)C=C
C#CC(O)=C[CH2],C#CC(O)=CC
[CH]1CC=CC1OOC1C=CCC1,C1=CC(OOC2C=CCC2)CC1
[CH2]C1(C=C)OO1,C=CC1(C)OO1
OOC1[CH]C1,OOC1CC1
[CH2]c1ccccc1,CC1=CC=CC=C1
C=C1[CH]C=CC=C1,C=C1C=CC=CC1
C=C1C=C[CH]C=C1,C=C1C=CCC=C1
[CH2]C1=CC=CC=C1,CC1=CC=CC=C1
[CH2]CC=C,C=CCC
[O]OC1C=CC(C2C=CCC=C2)C1,OOC1C=CC(C2C=CCC=C2)C1
[CH]1OO1,C1OO1
[O]OC1C=CCC1C1C=CCC=C1,OOC1C=CCC1C1C=CCC=C1
[O]OC1C=CC=C1,OOC1C=CC=C1
C=C[C]=C=O,C=CC=C=O
[CH2]C=C=C=O,CC=C=C=O
C=CC#C[O],C=CC#CO
O=C1[CH]C2CC12,O=C1CC2CC12
[O]C1=CC2CC12,OC1=CC2CC12
C#CC(=O)[CH]C,C#CC(=O)CC
C#CC([O])=CC,C#CC(O)=CC
CC#CC[C]=O,CC#CCC=O
C=C[C](CC=CC)CCC=CCCC=CC,C=CC(CC=CC)CCC=CCCC=CC
[CH2]C=C(CC=CC)CCC=CCCC=CC,CC=CCCC=CCCC(=CC)CC=CC
[CH]=C(C)CC,C=C(C)CC
C=C1[CH]CCC=C1,C=C1C=CCCC1
[CH2]C1=CCCC=C1,CC1=CCCC=C1
[CH2]C1=CC1O,CC1=CC1O
C=C1[CH]C1O,C=C1CC1O
C=C[CH]CC1(CC=CC)C=CCC1,C=CCCC1(CC=CC)C=CCC1
[CH2]C=CCC1(CC=CC)C=CCC1,CC=CCC1(CC=CC)C=CCC1
[CH2]C#CO,CC#CO
C=C=[C]O,C=C=CO
CC1(C)[C]=COO1,CC1(C)C=COO1
C=C1CC[C]1C,C=C1CCC1C
[CH2]C1=C(C)CC1,CC1=C(C)CC1
[CH2]C1CC1,CC1CC1
[CH]1C=CCC1=C1C=CCCC1,C1=CC(=C2CC=CC2)CCC1
[CH]1C=CC(=C2C=CCCC2)C1,C1=CC(=C2C=CCC2)CCC1
C1=CCC([C]2C=CCCC2)=C1,C1=CCC(C2C=CCCC2)=C1
[CH]1C=C(C2=CC=CC2)CCC1,C1=CCC(C2=CCCCC2)=C1
CC=CCC1=CC=C[CH]C1,CC=CCC1=CC=CCC1
CC=CCC1=C[CH]C=CC1,CC=CCC1=CCC=CC1
CC=CC[C]1C=CC=CC1,CC=CCC1C=CC=CC1
C=C=C(C)O[O],C=C=C(C)OO
C#C[CH]C=O,C#CCC=O
[CH]=C=CC=O,C=C=CC=O
C#CC=C[O],C#CC=CO
C=C1[CH]C=CC1,C=C1CC=CC1
[CH2]C1=CC=CC1,CC1=CC=CC1
C=C1C=C[CH]C1,C=C1C=CCC1
CC=[C]C=C=O,CC=CC=C=O
CC=C=C[C]=O,CC=C=CC=O
[CH]=COO,C=COO
CC#CCO[O],CC#CCOO
[CH]1CC=CC1,C1=CCCC1
[CH2]C(=C)CC=C,C=CCC(=C)C
C=C=CC(C)(C)[C](C)C,C=C=CC(C)(C)C(C)C
C=CC=CC(C=C)O[O],C=CC=CC(C=C)OO
C=C=C([O])C=C,C=C=C(O)C=C
C=[C]C(=O)C=C,C=CC(=O)C=C
C[C]=CC,CC=CC
O=C1C=[C]C=CC1,O=C1C=CC=CC1
O=C1C=C=C[CH]C1,O=C1C=C=CCC1
C#CCC[C]=O,C#CCCC=O
[CH]1C=CCC1C1C=CCC1,C1=CC(C2CC=CC2)CC1
[CH]1C=CC(C2C=CCC2)C1,C1=CC(C2C=CCC2)CC1
C#CC(C)O[O],C#CC(C)OO
[CH]1C=CCC1OOC1C=CCC=C1,C1=CC(OOC2CC=CC2)C=CC1
[CH]1C=CC(OOC2C=CCC=C2)C1,C1=CC(OOC2C=CCC2)C=CC1
C=CCCC1=CC=C[CH]C1,C=CCCC1=CC=CCC1
C=CCCC1=C[CH]C=CC1,C=CCCC1=CCC=CC1
C=CCC[C]1C=CC=CC1,C=CCCC1C=CC=CC1
C=C=CCO[O],C=C=CCOO
[CH2]C(C=C)CC(=C)C,C=CC(C)CC(=C)C
C=C1[CH]CC1C,C=C1CCC1C
[CH2]C1=CCC1C,CC1=CCC1C
CC=C=CO[O],CC=C=COO
C=[C]CC,C=CCC
CC=CC[C]1C=CC=C(CC=CC)C1,CC=CCC1=CC=CC(CC=CC)C1
CC=CCC1=C[CH]C=C(CC=CC)C1,CC=CCC1=CCC=C(CC=CC)C1
[CH]=C(C)C,C=C(C)C
[CH2]C(=C)C=C,C=CC(=C)C
CC(C)=[C]C1OO1,CC(C)=CC1OO1
[CH2]C#CC=O,CC#CC=O
C=C=[C]C=O,C=C=CC=O
C=C=C=C[O],C=C=C=CO
[CH2]C(=C=C)OO,C=C=C(C)OO
C=[C]C(=C)OO,C=CC(=C)OO
[CH]1C=CCC2CC12,C1=CCC2CC2C1
[CH]1C=CC2CC2C1,C1=CC2CC2CC1
[CH]=CC(=O)C=C,C=CC(=O)C=C
CC=CCC1(C2[CH]C=CC2)C=CCC1,CC=CCC1(C2CC=CC2)C=CCC1
CC=CCC1(C2C=C[CH]C2)C=CCC1,CC=CCC1(C2C=CCC2)C=CCC1
C=C[CH]C=CC=C,C=CC=CCC=C
[CH2]C=CC=CC=C,C=CC=CC=CC
[CH]1CC=CC1C1C=CCCC1,C1=CC(C2C=CCC2)CCC1
C=C(C)CC1[CH]CC=C1,C=C(C)CC1C=CCC1
OC1C=[C]C1,OC1C=CC1
C=C1[CH]CC=C1,C=C1C=CCC1
[CH2]C1=CCC=C1,CC1=CCC=C1
[CH2]C1CC(C)=C1C,CC1=C(C)C(C)C1
[CH]=CCC,C=CCC
[CH]1CCC2C3C=CC(C3)C12,C1=CC2CC1C1CCCC21
C=[C]C1(C)OO1,C=CC1(C)OO1
C[C]1CC1,CC1CC1
[C]1=CC=CO1,C1=COC=C1
C=[C]C=C=O,C=CC=C=O
C=C=C[C]=O,C=C=CC=O
C=[C]C,C=CC
[C]1=COC=C1,C1=COC=C1
C1=C[CH]OC=1,C1=CCOC=1
[CH]1CCC=CC1OOC1C=CCC=C1,C1=CC(OOC2C=CCCC2)C=CC1
CC1=[C]COO1,CC1=CCOO1
C#CC[C]=O,C#CCC=O
C#CC([CH2])=O,C#CC(C)=O
C#CC(=C)[O],C#CC(=C)O
CC1[C]=COO1,CC1C=COO1
C=C1[CH]CC1,C=C1CCC1
[CH2]C1=CCC1,CC1=CCC1
C#CC(=O)C[CH2],C#CC(=O)CC
[CH2]C=C=CCC,CC=C=CCC
C=C[C]=CCC,C=CC=CCC
C=C=CO[O],C=C=COO
C=C=C(C)C[C](C)C(=C)C,C=C=C(C)CC(C)C(=C)C
[CH2]C(C)=C(C)CC(C)=C=C,C=C=C(C)CC(C)=C(C)C
[CH]1C=CC=C1,C1=CCC=C1
[CH2]C(C=C)OOC1C=CC=CC1,C=CC(C)OOC1C=CC=CC1
[CH]=CC,C=CC
C=C1[CH]C=CC=CC1,C=C1CC=CC=CC1
[CH2]C1=CC=CC=CC1,CC1=CC=CC=CC1
C=C1C=C[CH]C=CC1,C=C1C=CCC=CC1
C=C1C=CC=C[CH]C1,C=C1C=CC=CCC1
[CH]=C(C)C(C)=CC,C=C(C)C(C)=CC
[CH2]CC(=C)C=C,C=CC(=C)CC
C#CCO[O],C#CCOO
[CH2]C=CCC1=CC=CCC1,CC=CCC1=CC=CCC1
C=C[CH]CC1=CC=CCC1,C=CCCC1=CC=CCC1
C=C(C)[C]1CC1,C=C(C)C1CC1
[CH2]C(C)=C1CC1,CC(C)=C1CC1
C=C[C]1CC1C,C=CC1CC1C
[CH2]C=C1CC1C,CC=C1CC1C
CC=[C]C1OO1,CC=CC1OO1
[CH2]C(C=C)OOC1C=CCC=C1,C=CC(C)OOC1C=CCC=C1
C=C1[CH]O1,C=C1CO1
[CH2]C1=CO1,CC1=CO1
[CH2]C=CCC1C=CC=CC1,CC=CCC1C=CC=CC1
C=C[CH]CC1C=CC=CC1,C=CCCC1C=CC=CC1
C#CC[O],C#CCO
C=C=CCC(C=C)O[O],C=C=CCC(C=C)OO
[CH]1CC=CC1OOC1C=CC=CC1,C1=CCC(OOC2C=CCC2)C=C1
C#C[C](C)C,C#CC(C)C
[CH]=C=C(C)C,C=C=C(C)C
[CH]=CC=C=O,C=CC=C=O
C=C=C[CH]C,C=C=CCC
C=[C]C=CC,C=CC=CC
[CH]1CCC=CCC1CC1=CC=CCC1,C1=CCCC(CC2CC=CCCC2)=C1
[CH2]C(C)=C=C,C=C=C(C)C
C=[C]C(=C)C,C=CC(=C)C
C=CC1CC12[CH]C=CCC2,C=CC1CC12CC=CCC2
C=CC1CC12C=C[CH]CC2,C=CC1CC12C=CCCC2
[CH]1CC=CC1OOC1C=CCC=C1,C1=CC(OOC2C=CCC2)C=CC1
[CH2]C=C=CC,CC=C=CC
C=C[C]=CC,C=CC=CC
C=C=CC(C)[CH]C,C=C=CC(C)CC
C=C1[CH]C=CC2CC12,C=C1CC=CC2CC12
[CH2]C1=CC=CC2CC12,CC1=CC=CC2CC12
C=C1C=C[CH]C2CC12,C=C1C=CCC2CC12
[CH]1C=CC(C2=CC=CCC2)C1,C1=CCCC(C2C=CCC2)=C1
[CH]1C=CCC1C1=CC=CCC1,C1=CCCC(C2CC=CC2)=C1
[CH]1CC1,C1CC1
[CH2]C1C=CC=CC1,CC1C=CC=CC1
[CH2]C1(C=C)CC1,C=CC1(C)CC1
[CH2]C1C=CCC=C1,CC1C=CCC=C1
[CH2]C1CC(=C)C1,C=C1CC(C)C1
[CH]=C(C)C(=C)C,C=C(C)C(=C)C
[CH2]C=CCC1(CC=CC)C=CC=CC1,CC=CCC1(CC=CC)C=CC=CC1
C=C[CH]CC1(CC=CC)C=CC=CC1,C=CCCC1(CC=CC)C=CC=CC1
[CH]=CC(C)=CC,C=CC(C)=CC
C=C[CH]CCC=CCC1=CC=CCC1,C=CCCCC=CCC1=CC=CCC1
[CH2]C=CCCC=CCC1=CC=CCC1,CC=CCCC=CCC1=CC=CCC1
[CH]1CC=CC2CC12,C1=CC2CC2CC1
C#C[CH]CC,C#CCCC
[CH]=C=CCC,C=C=CCC
[CH]=C,C=C
C#CC1([O])OO1,C#CC1(O)OO1
[CH]1C=CC2C3C=CC(C3)C12,C1=CC2C3C=CC(C3)C2C1
[CH]1C=CC(C2C=CC=CC2)C1,C1=CCC(C2C=CCC2)C=C1
[CH]1C=CCC1C1C=CC=CC1,C1=CCC(C2CC=CC2)C=C1
[CH]1C=CCC1C1C=CCC=C1,C1=CC(C2CC=CC2)C=CC1
[CH]1C=CC(C2C=CCC=C2)C1,C1=CC(C2C=CCC2)C=CC1
C=C=CC[C](C)C(=C)C,C=C=CCC(C)C(=C)C
[CH2]C(C)=C(C)CC=C=C,C=C=CCC(C)=C(C)C
[C]1=COOC1,C1=COOC1
O=C=C1[CH]C1,O=C=C1CC1
O=[C]C1=CC1,O=CC1=CC1
C=[C]C1OO1,C=CC1OO1
[CH2]C=C1CC1,CC=C1CC1
C=C[C]1CC1,C=CC1CC1
C=[C]CC(=C)C,C=CCC(=C)C
[CH]=CC(=C)CC,C=CC(=C)CC
[CH2]C#CC,CC#CC
C=C=[C]C,C=C=CC
C=C[CH]CCC=CCC1C=CC=CC1,C=CCCCC=CCC1C=CC=CC1
[CH2]C=CCCC=CCC1C=CC=CC1,CC=CCCC=CCC1C=CC=CC1
C=CC1C[C]2C=CC1CC2,C=CC1CC2C=CC1CC2
C=CC1CC2=C[CH]C1CC2,C=CC1CC2=CCC1CC2
C=C1C=[C]CCC1,C=C1C=CCCC1
C[C]1CC2CC12,CC1CC2CC12
C=C[CH]CC(C=C)CC1C=CC=CC1,C=CCCC(C=C)CC1C=CC=CC1
[CH2]C=CCC(C=C)CC1C=CC=CC1,C=CC(CC=CC)CC1C=CC=CC1
CC=CC[C]1C=CC(C2C=CCC=C2)C1,CC=CCC1C=CC(C2C=CCC=C2)C1
CC=CCC1=C[CH]C(C2C=CCC=C2)C1,CC=CCC1=CCC(C2C=CCC=C2)C1
C#CO[CH2],C#COC
CC12[CH]CC1C2,CC12CCC1C2
CC1=CC=[C]CC1,CC1=CC=CCC1
CC=CCC1=CC(C2[CH]C=CC2)C=CC1,CC=CCC1=CC(C2CC=CC2)C=CC1
CC=CCC1=CC(C2C=C[CH]C2)C=CC1,CC=CCC1=CC(C2C=CCC2)C=CC1
[CH2]C#CC=C=O,CC#CC=C=O
C=C=[C]C=C=O,C=C=CC=C=O
C=C=C=C[C]=O,C=C=C=CC=O
[CH2]C=C=C,C=C=CC
C=[C]C=C,C=CC=C
C=C=C[CH]C(=C)C,C=C=CCC(=C)C
C=[C]C=CC(=C)C,C=CC=CC(=C)C
[CH2]C(C)=CC=C=C,C=C=CC=C(C)C
C#CC(=CC)O[O],C#CC(=CC)OO
C=C=CC([O])C=C,C=C=CC(O)C=C
[CH]=CCC(=C)C,C=CCC(=C)C
CC=C1[C]=COO1,CC=C1C=COO1
C[CH]C1=C=COO1,CCC1=C=COO1
C=CC#CC[C]=O,C=CC#CCC=O
[CH]=C(C)CC=C,C=CCC(=C)C
[CH2]C1(C)CC1=C,C=C1CC1(C)C
[CH]=CC(=C)C,C=CC(=C)C
C#C[C]=CO,C#CC=CO
[CH]=C=C=CO,C=C=C=CO
C=CC#CCO[O],C=CC#CCOO
[C]1=COC1,C1=COC1
C=C=C(C=C)O[O],C=C=C(C=C)OO
C=C[CH]CC1C=CC2C3C=CC(C3)C12,C=CCCC1C=CC2C3C=CC(C3)C12
[CH2]C=CCC1C=CC2C3C=CC(C3)C12,CC=CCC1C=CC2C3C=CC(C3)C12
[CH2]C1C=CC1,CC1C=CC1
C=C[CH]CC1C=CC(C2C=CCC=C2)C1,C=CCCC1C=CC(C2C=CCC=C2)C1
[CH2]C=CCC1C=CC(C2C=CCC=C2)C1,CC=CCC1C=CC(C2C=CCC=C2)C1
[CH]=CC=CC=C=O,C=CC=CC=C=O
C=C=CC[CH]C(=C)C,C=C=CCCC(=C)C
[CH2]C(C)=CCC=C=C,C=C=CCC=C(C)C
[CH2]C1=C(C)C1,CC1=C(C)C1
C=C1C[C]1C,C=C1CC1C
C=C[CH]CC1C=CCC1C1C=CCC=C1,C=CCCC1C=CCC1C1C=CCC=C1
[CH2]C=CCC1C=CCC1C1C=CCC=C1,CC=CCC1C=CCC1C1C=CCC=C1
C=C[CH]CC=C=CC,C=CCCC=C=CC
[CH2]C=CCC=C=CC,CC=C=CCC=CC
[CH]1C2C=CCC1C2,C1=CC2CC(C1)C2
C=C[CH]C#CC,C=CCC#CC
[CH2]C=CC#CC,CC#CC=CC
C=CC=C=[C]C,C=CC=C=CC
C=[C]CC=C,C=CCC=C
[c]1ccccc1,C1=CC=CC=C1
[C]1=CC=CC=C1,C1=CC=CC=C1
[CH2]C=C=CC=CC,CC=C=CC=CC
C=C[C]=CC=CC,C=CC=CC=CC
C=C=CC([O])C(=C)C(=C)C,C=C=CC(O)C(=C)C(=C)C
[CH2]C=CC1C=CC1,CC=CC1C=CC1
C=C[CH]C1C=CC1,C=CCC1C=CC1
C#C[CH2],C#CC
[CH]=C=C,C=C=C
[CH2]C#CC=CC,CC#CC=CC
C=C=[C]C=CC,C=C=CC=CC
C=C=C=C[CH]C,C=C=C=CCC
[CH2]C1CC1=C,C=C1CC1C
C#CC(=C)O[O],C#CC(=C)OO
C#CC1([CH]C)OO1,C#CC1(CC)OO1
C=CC#C[CH]C,C=CC#CCC
C=C[C]=C=CC,C=CC=C=CC
[CH2]C=C=C=CC,CC=C=C=CC
C#CO[O],C#COO
C=C=C=CCO[O],C=C=C=CCOO
C=C1[C]=COO1,C=C1C=COO1
[CH2]C1=C=COO1,CC1=C=COO1
CC1=[C]CC1,CC1=CCC1
C=C=CC[CH]C=C,C=C=CCCC=C
[CH2]C=CCC=C=C,C=C=CCC=CC
C1=CC2[C](C1)C1C=CC2C1,C1=CC2C3C=CC(C3)C2C1
C=C=C[CH]CC=C,C=C=CCCC=C
C=[C]C=CCC=C,C=CC=CCC=C
C=CC=CC=[C]C,C=CC=CC=CC
C#CC[CH2],C#CCC
[CH]=C(O)C#C,C#CC(=C)O
[CH2]C=C=CC=C,C=CC=C=CC
C=C[C]=CC=C,C=CC=CC=C
C#C[C]1CO1,C#CC1CO1
[CH]=C=C1CO1,C=C=C1CO1
[CH]=C1CC1=O,C=C1CC1=O
[CH2]C1=CC1,CC1=CC1
C=C1[CH]C1,C=C1CC1
[CH]=C=C=CC=O,C=C=C=CC=O
C#C[C]=CC=O,C#CC=CC=O
C#C[CH]CCC=C,C#CCCCC=C
[CH]=C=CCCC=C,C=C=CCCC=C
C=C=C=CO[O],C=C=C=COO
[CH2]C#CC=C,C=CC#CC
C=C=[C]C=C,C=C=CC=C
[CH2]C=C=C=C,C=C=C=CC
[C]#CCO,C#CCO
[C]1=CO1,C1=CO1
C#CC1([CH2])OO1,C#CC1(C)OO1
[C]1=CC=CC1,C1=CCC=C1
[C]1=CCC1,C1=CCC1
[C]#CO,C#CO
C=C[CH]C1=CC1,C=CCC1=CC1
[CH2]C=CC1=CC1,CC=CC1=CC1
C=CC=C1[CH]C1,C=CC=C1CC1
[C]#COC,C#COC
C=C1[C]=CO1,C=C1C=CO1
[CH2]C1=C=CO1,CC1=C=CO1
[CH]=C1CC1,C=C1CC1
[CH2]C1C=C1,CC1C=C1
C=[C]C=C=CC,C=CC=C=CC
C=C=C[C]=CC,C=C=CC=CC
[CH2]CC#CC=C,C=CC#CCC
[CH]=C=C=CC,C=C=C=CC
C#C[C]=CC,C#CC=CC
[CH]=C1C=CC=C1,C=C1C=CC=C1
C=C1[C]=CC1C,C=C1C=CC1C
[CH2]C1=C=CC1C,CC1=C=CC1C
CC1=[C]C1,CC1=CC1
C#CCC=[C]C,C#CCC=CC
[CH]1C=C1,C1=CC1
C#CC=[C]C,C#CC=CC
CC=C=C1[CH]C1,CC=C=C1CC1
CC=[C]C1=CC1,CC=CC1=CC1
[CH]=CC#CC,C=CC#CC
C#CC([O])C=C=C,C#CC(O)C=C=C
C=C1[C]=CC1,C=C1C=CC1
[CH2]C1=C=CC1,CC1=C=CC1
[CH]=CC=C=C,C=C=CC=C
[CH]=C(C)C#C,C#CC(=C)C
[C]1=CC1,C1=CC1
[CH]=CCC#C,C#CCC=C
C=C=C1[CH]C1,C=C=C1CC1
C=[C]C1=CC1,C=CC1=CC1
C1=CC[CH]CCC=1,C1=CCCCCC=1
[C]#CC,C#CC
[CH2]C#CC=C=C,C=C=CC#CC
C=C=[C]C=C=C,C=C=CC=C=C
C=[C]C=C=C=C,C=C=C=CC=C
[CH]=C=C=CC=C,C=C=C=CC=C
C#C[C]=CC=C,C#CC=CC=C
[C]#C,C#C
[CH]=CC=CC#C,C#CC=CC=C
C=C1[C]=CC1=C,C=C1C=CC1=C
[CH2]C1=C=CC1=C,C=C1C=C=C1C
C=C=C1[CH]C1=C,C=C=C1CC1=C
C=[C]C1=CC1=C,C=CC1=CC1=C
[CH2]C1=CC1=C=C,C=C=C1C=C1C
[CH]=C1C=C1,C=C1C=C1
C1=C[CH]C=1,C1=CCC=1
[C]1=CC=C1,C1=CC=C1
C=C=C1C=[C]C1,C=C=C1C=CC1
[CH2]C1=CC#CC1,CC1=CC#CC1
C=C1[CH]C#CC1,C=C1CC#CC1
C=C1C=C=[C]C1,C=C1C=C=CC1
